ID,Revision/Version,Scene Type (Private/Public),Region,SDAT (Raw Data),Have Space,Have Metadata,Notes
Acorn Meadows Park 4th Of July Edition (Night) VEEMEE ,1.80.0.53,Public,SCEA/SCEE,1272227522_DAT,1,1,
Acorn Meadows Park Halloween Edition VEEMEE,1.80.0.53,Public,SCEA/SCEE,3152494317_DAT,1,1,
Acorn Meadows Park VEEEMEE ,1.80.0.53,Public,SCEA/SCEE,3312288580_DAT,1,1,
Acorn Meadows Park VEEEMEE ,1.80.0.53,Public,SCEA/SCEE,1236327908_DAT,1,1,
Acorn Meadows Park VEEEMEE ,1.80.0.53,Public,SCEA/SCEE,958952080_DAT,1,1,
Acorn Meadows Park VEEEMEE ,1.80.0.53,Public,SCEA/SCEE,1166983951_DAT,1,1,
Acorn Meadows Park VEEEMEE ,1.75.0.85,Public,SCEA/SCEE,3034912752_DAT,1,1,
Adventure District,1.70.0.93,Public,SCEA/SCEE,145652352_DAT,1,1,
Adventure District,1.60.0.450,Public,SCEA/SCEE,3124783417_DAT,1,1,
Adventure District,1.60.0.450,Public,SCEA/SCEE,349404978_DAT,1,1,
Adventure District,1.60.0.450,Public,SCEA/SCEE,4163243820_DAT,1,1,
Adventure District,1.70.0.93,Public,SCEA/SCEE,418748935_DAT,1,1,
Andy's Room Toy Story 3,1.3.6.22,Private,SCEA/SCEE,233744360_DAT,1,1,
Anime Apartment,1.3.2.27,Private,SCEA/SCEE/SCEJ,3342041977_DAT,1,1,
Anime Apartment,1.41.0.37,Private,SCEA/SCEE/SCEJ,3688761762_DAT,1,1,
Aquarium Pet Shop ,1.70.0.93,Public,SCEA/SCEE,246983732_DAT,1,1,
Assassin's Creed Abstergo Lab ,1.3.2.27,Public,SCEA/SCEE,649449146_DAT,1,1,
Assassin's Creed Hideout ,1.3.2.27,Public,SCEA/SCEE,2827231782_DAT,1,1,
Assassin's Creed II Apartment,1.3.6.22,Private,SCEA/SCEE,139829531_DAT,1,1,
Audi Concert Hall ,1.55.0.155,Private,SCEE,3411738627_DAT,1,1,
Audi Connect,1.70.0.93,Public,SCEE,185594583_DAT,1,1,
Audi Hub ,1.3.2.16,Public,SCEE,2796490591_DAT,1,1,
Audi Hub ,1.52.0.2,Public,SCEE,3632976113_DAT,1,1,
Audi Hub ,1.52.0.2,Public,SCEE,3702320070_DAT,1,1,
Audi Hub ,1.3.6.22,Public,SCEE,997905747_DAT,1,1,
Audi Sled ,null,Public,SCEE,2496767245_DAT,1,1,
Audi Technology Apartment ,1.70.0.93,Private,SCEE,3007369770_DAT,1,1,
Audi Terminal SCEE ,1.70.0.93,Public,SCEE,3910351941_DAT,1,1,
Audi Vertical Run,1.3.6.22,Public,SCEA,3685695897_DAT,1,1,
Audi Vertical Run ,1.3.2.16,Public,SCEE,3616351940_DAT,1,1,
Auditorium ,1.60.0.450,Public,SCEA,124638390_DAT,1,1,
Auditorium ,1.50.0.238,Public,SCEA,3098014472_DAT,1,1,
Auditorium ,null,Public,SCEA,3346255190_DAT,1,1,
Auditorium 2 ,1.60.0.450,Public,SCEA,1774091835_DAT,1,1,
Auditorium 6 ,1.60.0.451,Public,SCEA,4157735422_DAT,1,1,
Aurora,1.60.0.450,Public,SCEA/SCEE/SCEJ,220656870_DAT,1,1,
Aurora,1.50.0.238,Public,SCEA/SCEE/SCEJ,2850188002_DAT,1,1,
Aurora,1.41.0.37,Public,SCEA/SCEE/SCEJ,353805550_DAT,1,1,
Aurora,1.70.0.93,Public,SCEA/SCEE/SCEJ,428688741_DAT,1,1,
Aurora ,1.70.0.93,Public,SCEA/SCEE/SCEJ,2647695365_DAT,1,1,
Aurora ,1.75.0.85,Public,SCEA/SCEE/SCEJ,2786383279_DAT,1,1,
Aurora Trophy Apartment Showcase ,1.75.0.85,Private,SCEA/SCEE/SCEJ,null,1,1,
Avalon Keep Loading Screen,1.70.0.93,Public,SCEA,442383372_DAT,1,1,
Batman Arkham Asylum Batcave Outpost ,null,Private,SCEA/SCEE,3958906332_DAT,1,1,
Beach Mansion,1.80.0.53,Private,SCEA,2413380391_DAT,1,1,
Beach Mansion,1.80.0.53,Private,SCEA,2690756219_DAT,1,1,
BluePrint Home Tutorial , 1.70.0.93,Public,SCEA,2750212516_DAT,1,1,Object
BluePrint Home Tutorial ,1.80.0.53,Public,SCEA,604907887_DAT,1,1,Object
Bomber Dome (Bomberman Lounge) ,1.3.6.22,Public,SCEA/SCEE/SCEJ,3961233031_DAT,1,1,
Bootleggers 29', 1.60.0.450,Public,SCEA,1306641933_DAT,1,1,
Bowling Alley,null,Public,SCEA/SCEE,1492950097_DAT,1,1,
Bowling Alley,null,Public,SCEA/SCEE,3376695941_DAT,1,1,
Bowling Alley ,null,Public,SCEA/SCEE,2323210760_DAT,1,1,
Bowling Alley ,1.70.0.93,Public,SCEA/SCEE,472965823_DAT,1,1,
Bowling Alley ,1.70.0.93,Public,SCEA/SCEE,1387506567_DAT,1,1,
Bowling Alley ,1.60.0.450,Public,SCEA/SCEE,2398779576_DAT,1,1,
Burn Zombie Burn ,1.3.0.130,Public,SCEA/SCEE,2612851606_DAT,1,1,
Burn Zombie Burn ,1.3.0.130,Public,SCEA/SCEE,308413514_DAT,1,1,
Buzz Home Lobby ,null,Public,SCEA/SCEE,2737529178_DAT,1,1,
Buzz! Quiz Game Space,null,Public,SCEA/SCEE,2248926992_DAT,1,1,
Buzz! Quiz Game Space ,null,Public,SCEA/SCEE,3099941278_DAT,1,1,
Buzz! Quiz Game Space ,null,Public,SCEA/SCEE,3594946916_DAT,1,1,
Chamber Apartment ,null,Public,SCEA/SCEE,647076374_DAT,1,1,
Charcoal Champ ,1.70.0.93,Public,SCEA,3686036156_DAT,1,1,
Cinema ,null,Public,SCEA/SCEE,3737312584_DAT,1,1,
Cinema ,null,Public,SCEA/SCEE,454262572_DAT,1,1,
Cinema Auditorium,null,Public,SCEA/SCEE,1105472782_DAT,1,1,
Cinema Auditorium,null,Public,SCEA/SCEE,2454664844_DAT,1,1,
Cinema Auditorium,null,Public,SCEA/SCEE,3966410912_DAT,1,1,
Cinema Auditorium ,null,Public,SCEA/SCEE,3346255190_DAT,1,1,
Cinema Auditorium ,1.3.5.120,Public,SCEA/SCEE,3884275369_DAT,1,1,
Cinema Theatre ,null,Public,SCEA/SCEE,2043547905_DAT,1,1,
Clearasil Kart Racing , 1.75.0.85,Public,SCEA,1672058807_DAT,1,1,
Clearasil Ultra Fast Back To School Dash (Hall Skate),1.80.0.53,Public,SCEA,2455064390_DAT,1,1,
ClubHouse SCEE v1,null,Private,SCEA/SCEE/SCEJ/SCEAsia,414128264_DAT,1,1,
Clubhouse v1,null,Private,SCEA/SCEE/SCEJ/SCEAsia,1443317865_DAT,1,1,
Cogs Sky Platform ,1.55.0.155,Public,SCEA,3873142894_DAT,1,1,
Conspiracy Public Space ,1.40.0.265,Public,SCEA,439509265_DAT,1,1,
Conspiracy Public Space ,1.41.0.37,Public,SCEA,647541136_DAT,1,1,
Cutteridge Estate (Personal Space) ,1.70.0.93,Private,SCEA,2855553010_DAT,1,1,
Cutthroats Battle for Black Powder Cove ,1.60.0.450,Public,SCEA,610633611_DAT,1,1,
Darla's Den Personal Space (Midway),1.41.0.37,Private,SCEA/SCEE/SCEJ/SCEAsia,610415519_DAT,1,1,
Dead Island Central Plaza ,1.52.0.2,Public,SCEA,3753406903_DAT,1,1,
Dead Island Central Plaza ,1.52.0.2,Public,SCEA,866462462_DAT,1,1,
Dead Nation Safe House,1.41.0.37,Public,SCEA,1735249562_DAT,1,1,
Dead Nation Safe House,1.50.0.238,Public,SCEA,2012625390_DAT,1,1,
Desert Haven Clubhouse Tour,1.55.0.155,Private,SCEA/SCEE,3069257727_DAT,1,1,
Desert Haven Clubhouse Tour,1.60.0.451,Private,SCEA/SCEE,3207945641_DAT,1,1,
Diamond Beach Mansion , 1.75.0.85,Private,SCEA/SCEE,2482724348_DAT,1,1,
Diesel Island Public,1.55.0.155,Public,SCEA,1563756278_DAT,1,1,
Diesel SS ,1.70.0.93,Public,SCEA,1410065050_DAT,1,1,
DISGAEA 3 Mao's Room, 1.3.5.121,Public,SCEA/SCEE/SCEJ,3090542252_DAT,1,1,
Disgaea 4 Lounge Evil Academy Quiz Panel Mini-Game, 1.3.5.121,Public,SCEA/SCEE/SCEJ,2575587437_DAT,1,1,Object
Doctor Who TARDIS,1.80.0.53,Private,SCEA/SCEE,1671232344_DAT,1,1,
Dragon's Green Golfing,1.41.0.37,Public,SCEA/SCEE/SCEJ,3652941660_DAT,1,1,
Dragon's Green Golfing ,1.3.6.22,Public,SCEA/SCEE/SCEJ,3444909789_DAT,1,1,
Dragon's Green Golfing ,1.3.6.22,Private,SCEA/SCEE/SCEJ,3583597703_DAT,1,1,
Dream Hideway Personal Space ,1.70.0.93,Public,SCEA/SCEE,781377597_DAT,1,1,
Drop Science Subway  ,1.80.0.53,Public,SCEA,3118923544_DAT,1,1,
E3® 2010 ,null,Public,SCEA/SCEE/SCEJ/SCEAsia,3831139914_DAT,1,1,
E3® 2012 ,1.60.0.450,Public,SCEA/SCEE/SCEJ/SCEAsia,895612506_DAT,1,1,
E3® 2012 Theatre,1.60.0.450,Public,SCEA/SCEE/SCEJ/SCEAsia,406397548_DAT,1,1,
E3® 2013,1.50.0.238,Public,SCEA/SCEE/SCEJ/SCEAsia,2214313352_DAT,1,1,
E3® 2013,1.80.0.53,Public,SCEA/SCEE/SCEJ/SCEAsia,309436464_DAT,1,1,
E3® 2013 Space ,1.80.0.53,Public,SCEA/SCEE/SCEJ/SCEAsia,3065510033_DAT,1,1,
EA Complex ,null,Public,SCEA,3903454194_DAT,1,1,(Possibly Duplicate Or Updated Scene)
EA Sports Complex ,null,Public,SCEA,442955456_DAT,1,1,
EA Sports Complex Racing,null,Public,SCEA,2003689605_DAT,1,1,
EA Sports Complex Racing ,null,Public,SCEA,1149614230_DAT,1,1,
EA Sports Golfing ,null,Public,SCEA,512299413_DAT,1,1,
EA Sports Golfing ,null,Public,SCEA,1485090610_DAT,1,1,
EA Sports Racing,null,Public,SCEA,3451496707_DAT,1,1,
F.U.B.A.R. Apartment,1.70.0.93,Private,SCEA,304402324_DAT,1,1,
F.U.B.A.R. Apartment,1.70.0.93,Private,SCEA,474766624_DAT,1,1,
Far Cry 2 Reuben's Office ,null,Public,SCEA/SCEE,179398176_DAT,1,1,
FarCry Train Station,null,Public,SCEA/SCEE,3936346348_DAT,1,1,
Feva Arena 2010 ,1.3.5.121,Public,SCEA/SCEE/SCEJ/SCEAsia,4158943281_DAT,1,1,
Feva Arena Entrance ,1.3.5.121,Public,SCEA/SCEE/SCEJ/SCEAsia,2359267604_DAT,1,1,
Fight Night Round 4 (EA Sports) ,1.3.0.130,Public,SCEA/SCEE,2256239685_DAT,1,1,
Fight Night Round 4 (EA Sports) ,1.3.0.130,Public,SCEA/SCEE,2325583642_DAT,1,1,
GAME Moonbase,1.60.0.450,Public,SCEE,2161495666_DAT,1,1,
GAME Moonbase,1.40.0.264,Public,SCEE,4237456338_DAT,1,1,
Gamescom 2009 Event Space,1.3.2.16,Public,SCEE,1289540726_DAT,1,1,
Gamescom 2012 Event Space,1.3.6.22,Public,SCEE,664907264_DAT,1,1,
Ghostbusters Firehouse Apartment,1.3.5.113,Private,SCEA,1492783496_DAT,1,1,
Godfather 2 Lounge,null,Public,SCEA,468234498_DAT,1,1,
Gothic Cathedral,1.65.0.139,Private,SCEA,602279360_DAT,1,1,
Gothic Manor ,1.65.0.139,Private,SCEA/SCEE,1932110225_DAT,1,1,
GranZella City of Flowers Penthouse Window To The World,1.70.0.93,Private,SCEA/SCEE/SCEJ,1294085680_DAT,1,1,
GranZella City of Flowers Penthouse Window to the World,1.70.0.93,Private,SCEA/SCEE/SCEJ,2605555846_DAT,1,1,
GranZella Glittering Sands Beach,1.82.0.17,Public,SCEA/SCEE/SCEJ,3583995750_DAT,1,1,
GranZella Glittering Sands Beach,1.70.0.93,Public,SCEA/SCEE/SCEJ,[3931320827_DAT,1,1,
GranZella Glittering Sands Beach,1.70.0.93,Public,SCEA/SCEE/SCEJ,3958011742_DAT,1,1,
GranZella Glittering Sands Beach ,1.65.0.139,Public,SCEA/SCEE/SCEJ,2985579003_DAT,1,1,
Granzella Glittering Sands Beach ,1.70.0.93,Public,SCEA/SCEE/SCEJ,3144714092_DAT,1,1,
Granzella Glittering Sands Beach ,1.75.0.85,Public,SCEA/SCEE/SCEJ,32982147_DAT,1,1,
GranZella Glittering Sands Beach ,1.65.0.139,Public,SCEA/SCEE/SCEJ,3355812357_DAT,1,1,
GranZella Glittering Sands Beach ,1.70.0.93,Public,SCEA/SCEE/SCEJ,3792632913_DAT,1,1,
GranZella Glittering Sands Beach ,1.70.0.93,Public,SCEA/SCEE/SCEJ,476342096_DAT,1,1,
GranZella Glittering Sands Beach (SCEJ) ,1.70.0.93,Public,SCEJ,1369642817_DAT,1,1,
GranZella Great Edo Of Nippon,1.70.0.93,Public,SCEA/SCEE/SCEJ,1071960082_DAT,1,1,
GranZella Great Edo Of Nippon, 1.80.0.53,Public,SCEA/SCEE/SCEJ,1600664925_DAT,1,1,
GranZella Great Edo Of Nippon,1.60.0.450,Public,SCEA/SCEE/SCEJ,1889768088_DAT,1,1,
GranZella Great Edo of Nippon,1.70.0.93,Public,SCEA/SCEE/SCEJ,264299908_DAT,1,1,
GranZella Great Edo Of Nippon ,1.60.0.450,Public,SCEA/SCEE/SCEJ,3442086899_DAT,1,1,
GranZella Great Edo Of Nippon - Monoke Bon Festival , 1.75.0.85,Public,SCEA/SCEE/SCEJ,4179504746_DAT,1,1,
GranZella Great Edo of Nippon - Monoke Bon Festival ,1.80.0.53,Public,SCEA/SCEE/SCEJ,1912550012_DAT,1,1,
Granzella Hankagai Lounge Neon ga Shimiru Hanka-gai,1.75.0.85,Public,SCEJ,2296406396_DAT,1,1,
GranZella Southern Hideway,1.70.0.93,Public,SCEA/SCEE/SCEJ,1961770542_DAT,1,1,
GranZella Southern Hideway,1.51.0.60,Public,SCEA/SCEE/SCEJ,1961770542_DAT,1,1,
GranZella Southern Hideway,1.60.0.450,Public,SCEA/SCEE/SCEJ,2807485938_DAT,1,1,
GranZella Southern Hideway (Korean Version) ,1.70.0.93,Public,SCEJ/SCEAsia,1710017657_DAT,1,1,Korean Version
GranZella Southern Island Hideaway Valentine Day 2013 Event  ,1.70.0.93,Public,SCEA/SCEE/SCEJ,2523315307_DAT,1,1,
GranZella Southern Island Hideway (SCEJ) ,1.60.0.450,Public,SCEJ,1994188288_DAT,1,1,
Gravity Crash Maze ,1.40.0.264,Public,SCEE,2004618938_DAT,1,1,
Gravity Crash Podium,1.3.2.16,Public,SCEE,912853724_DAT,1,1,
Guitar Hero VIP,1.3.2.16,Public,SCEA,717520436_DAT,1,1,
Harry Potter - Pottermore Forbidden Forest (Broomstick Racing) ,1.75.0.85,Public,SCEA/SCEE,null,1,1,
Harry Potter Pottermore Diagon Alley,1.75.0.85,Public,SCEA/SCEE,1227802711_DAT,1,1,
Harry Potter Pottermore The Great Hall,1.75.0.81,Public,SCEA/SCEE,2505588907_DAT,1,1,
HeavyWater Lounge ,1.70.0.93,Public,SCEA,807188130_DAT,1,1,
Hed Kandi Beach Event,1.70.0.93,Public,SCEE,null,1,1,
Hed Kandi Music Unlimited 2013 ,1.80.0.53,Public,SCEE,null,1,1,
Hollywood Hills Night ,1.80.0.53,Public,SCEA,3246014276_DAT,1,1,
Hollywood Hills Night , 1.3.6.22,Public,SCEA,4253150758_DAT,1,1,
Home Grown Laboratory,1.70.0.93,Public,SCEA,408456353_DAT,1,1,
Home Square ,null,Public,SCEE,1752067784_DAT,1,1,
Home Square ,null,Public,SCEE,531035185_DAT,1,1,
Home Theater Pad,1.80.0.53,Public,SCEA/SCEE,166215333_DAT,1,1,
Home Theater Pad,1.80.0.53,Public,SCEA/SCEE,2151280565_DAT,1,1,
Home Theatre Pad,1.55.0.155,Public,SCEA/SCEE,27527419_DAT,1,1,
Home Theatre Pad,1.80.0.53,Public,SCEA/SCEE/SCEJ,366250995_DAT,1,1,
Home Tycoon Train Station,1.66.0.144,Public,SCEA/SCEE/SCEJ,1755169476_DAT,1,1,
Home Tycoon Train Station ,1.70.0.93,Public,SCEA/SCEE/SCEJ,1824513433_DAT,1,1,
Hot Shots Golf Lounge,null,Public,SCEA/SCEE/SCEJ,3008664532_DAT,1,1,
Hot Shots Golf Lounge,null,Public,SCEA/SCEE/SCEJ,4040244087_DAT,1,1,
Hot Shots Golf Lounge ,null,Public,SCEA/SCEE/SCEJ,3751876995_DAT,1,1,
Hudson Bomber Dome ,1.3.6.22.PUB,Public,SCEA/SCEE/SCEJ,4274752725_DAT,1,1,
Hudson Dolphy Room,1.3.6.22.PUB,Public,SCEA/SCEE/SCEJ,3822708743_DAT,1,1,
Hudson Dolphy Room ,1.3.6.22.PUB,Public,SCEA/SCEE/SCEJ,1902315840_DAT,1,1,
Hudson Gate,1.3.6.22.PUB,Public,SCEA/SCEE/SCEJ,294579761_DAT,1,1,
Hudson Gate,1.3.6.22.PUB,Public,SCEA/SCEE/SCEJ,3753364786_DAT,1,1,
Hudson Gate ,1.3.6.22.PUB,Public,SCEA/SCEE/SCEJ,3684020829_DAT,1,1,
Hudson Gate ,1.3.6.22.PUB,Public,SCEA/SCEE/SCEJ,4014675649_DAT,1,1,
Hudson Gate Dolphin Race,1.3.6.22.PUB,Public,SCEA/SCEE/SCEJ,1971659797_DAT,1,1,
Hudson Theater,1.3.6.22.PUB,Public,SCEA/SCEE/SCEJ,582242283_DAT,1,1,
Indie Park SCEE ,1.55.0.155,Public,SCEE,1044332504_DAT,1,1,
Indie Park SCEE ,1.60.0.450,Public,SCEE,1113676461_DAT,1,1,
Indie Park SCEE ,1.70.0.93,Public,SCEE,388080425_DAT,1,1,
Infamous The Abandoned Docks Of Empire City,null,Public,SCEA/SCEE,2831095612_DAT,1,1,
Inferno Apartment ,1.80.0.53,Private,SCEA/SCEE,2253827894_DAT,1,1,
IREM Gathering Place for Cave Explorers,1.3.6.22,Public,SCEA/SCEE/SCEJ,18484507_DAT,1,1,
IREM Market SCEJ ??????? ,1.3.6.22,Public,SCEJ,3137038935_DAT,1,1,
IREM SeaSide Memories, 1.3.5.121,Public,SCEA/SCEE/SCEJ,3159025944_DAT,1,1,
IREM SeaSide Memories ,1.3.6.22,Public,SCEA/SCEE/SCEJ,1434135335_DAT,1,1,
Island Bungalow Apartment,1.60.0.450,Private,SCEA,2243136726_DAT,1,1,
Island Bungalow Apartment,1.60.0.451,Private,SCEA,3319462411_DAT,1,1,
Jetsetter Private Plane ,1.60.0.451,Private,SCEA,2575397802_DAT,1,1,
Journey,1.60.0.450,Public,SCEE,988490475_DAT,1,1,
Killzone 2 Visari Throne Room ,null,Private,SCEA/SCEE,1985218838_DAT,1,1,
Konami Club Lumonisity , 1.80.0.53,Public,SCEA,1729583644_DAT,1,1,
Konami Penthouse,1.3.6.22,Public,SCEA,3010592309_DAT,1,1,
Konami Penthouse,1.50.0.238,Public,SCEA,795943723_DAT,1,1,
Lakeside Log Cabin SCEE Personal Space,null,Private,SCEA/SCEE,339163324_DAT,1,1,
Little Big Planet 2 Toyota Prius Solar Scramble,1.41.0.37,Public,SCEA/Solar,null,1,1,
LittleBigPlanet Derby,1.3.6.22,Public,SCEA,2361995810_DAT,1,1,
LittleBigPlanet Playground,1.3.5.113,Public,SCEA/SCEE,1025240689_DAT,1,1,
Lockwood Dream Island Apartment ,1.65.0.139,Private,SCEA/SCEE,3476286045_DAT,1,1,
Lockwood Giftshop ,1.60.0.450,Public,SCEA/SCEE,2276960262_DAT,1,1,
Lockwood HQ ,1.52.0.2,Public,SCEA/SCEE,103609217_DAT,1,1,
Lockwood Store,1.60.0.451,Public,SCEA/SCEE,544478172_DAT,1,1,
Lockwood Venue,1.80.0.53,Public,SCEA/SCEE,3134853990_DAT,1,1,
Loco Roco Island Personal Space , 1.3.5.113.,Private,SCEA/SCEE/SCEJ,206757530_DAT,1,1,
Loco Roco Island Personal Space,1.3.2.27,Private,SCEA/SCEE/SCEJ,3558618410_DAT,1,1,
Loco Roco Island Personal Space, 1.3.5.113.,Private,SCEA/SCEE/SCEJ,512493649_DAT,1,1,
Loco Roco Mui Mui Island Public Space,1.3.2.27,Public,SCEA/SCEE/SCEJ,2999635680_DAT,1,1,
LOOT Modular Sound Stage Set Apartment ,1.65.0.139,Private,SCEA/SCEE,1980566681_DAT,1,1,
LOOT Space Station,1.60.0.450,Public,SCEA/SCEE,2762471978_DAT,1,1,
Loot Space Station,1.70.0.93,Public,SCEA/SCEE,825199220_DAT,1,1,
LOOT Studio Stage Set Sound Stage 2,1.55.0.155,Private,SCEA/SCEE,1262802533_DAT,1,1,
LOOT Sunset Yacht ,1.41.0.37,Private,SCEA/SCEE,2112202940_DAT,1,1,
LOOT Sunset Yacht ,1.60.0.450,Private,SCEA/SCEE,36242268_DAT,1,1,
Luxury Apartment,1.3.2.27,Private,SCEA/SCEE,1377243670_DAT,1,1,
Luxury Glass House Personal Space ,1.60.0.451,Private,SCEA/SCEE,null,1,1,
Luxury Weekend Lake House Personal Space,1.41.0.37,Private,SCEA/SCEE,1251675266_DAT,1,1,
Luxury Yacht Santorini Greece Personal Space, 1.3.2.27,Private,SCEA/SCEE,724719237_DAT,1,1,
Magic The Gathering Public Space,1.41.0.37,Public,SCEA/SCEE,1892643401_DAT,1,1,
Manhattan Apartment,null,Private,SCEA/SCEE,2645169060_DAT,1,1,
Manhattan Apartment, 1.3.0.317,Private,SCEA/SCEE,2714513017_DAT,1,1,
Mansion,1.60.0.451,Private,SCEA/SCEE,2617732932_DAT,1,1,
Men In Black (MIB) Headquaters,1.65.0.139,Public,SCEA,906429441_DAT,1,1,
MiniBots Training Facility,1.70.0.93,Public,SCEA,738950334_DAT,1,1,
Modnation Racer Pit Stop Club ,1.41.0.37,Public,SCEA,3999507101_DAT,1,1,
ModNation Racers The Backstage Pass,1.3.5.113,Public,SCEE,2450838384_DAT,1,1,
MotorStorm Carrier,1.3.2.27,Public,SCEE,3859893599_DAT,1,1,
NA Mall First Floor, 1.41.0.37,Public,SCEA,236118253_DAT,1,1,
Namco Arcade Center ,null,Public,SCEA/SCEE/SCEJ/SCEAsia,1371893886_DAT,1,1,
Namco Arcade Center ,null,Public,SCEA/SCEE/SCEJ/SCEAsia,2068975767_DAT,1,1,
Namco Theatre ,null,Public,SCEA/SCEE/SCEJ/SCEAsia,2946510898_DAT,1,1,
Neptune Suite Personal Suite,1.3.2.27,Private,SCEA/SCEE/SCEJ/SCEAsia,1148441872_DAT,1,1,
Nightlife Lounge Apartment,1.60.0.450,Private,SCEA,1535316786_DAT,1,1,
No Man's Land,1.66.0.144,Private,SCEA,2419883799_DAT,1,1,
No Man's Land,1.66.0.144,Public,SCEA,3249843531_DAT,1,1,
No Man's Land,1.66.0.144,Public,SCEA,3251572330_DAT,1,1,
No Man's Land ,1.60.0.450,Public,SCEA,684117122_DAT,1,1,
Novus Prime,1.3.6.22,Public,SCEA,2561959441_DAT,1,1,
Novus Prime ,1.52.0.2,Public,SCEA,683946956_DAT,1,1,
nRage,1.60.0.450,Public,SCEA,2977217843_DAT,1,1,
Original Mall,null,Public,SCEE,2694008274_DAT,1,1,
Palace of the Seven Winds,1.65.0.139,Private,SCEA/SCEE/SCEJ,1174271934_DAT,1,1,
Palace of the Seven Winds ,1.65.0.139,Private,SCEA/SCEE/SCEJ,4060786982_DAT,1,1,
Paradise Springs Casino Digital Leisure,1.70.0.93,Public,SCEA,1270108027_DAT,1,1,
Paradise Springs Casino Digital Leisure ,1.70.0.93,Public,SCEA,1062076156_DAT,1,1,
Paradise Springs Casino Digital Leisure ,1.70.0.93,Public,SCEA,1200764070_DAT,1,1,
Peakvox Labs,1.70.0.93,Public,SCEA/SCEE/SCEJ,174020625_DAT,1,1,
Peakvox Ninja Lounge,1.70.0.93,Public,SCEA/SCEE/SCEJ,3375702174_DAT,1,1,
Peakvox Ninja Lounge,1.75.0.85,Public,SCEA/SCEE/SCEJ,3445046131_DAT,1,1,
Peakvox Ninja Lounge ,1.70.0.93,Public,SCEA/SCEE/SCEJ,922921496_DAT,1,1,
Peakvox_Apt_2_593D_AF74 Summer with sunflowers blooming ,1.80.0.53,Private,SCEA/SCEJ,null,1,1,
Pier Park ,1.60.0.450,Public,SCEA,1136001915_DAT,1,1,
Pier Park ,1.70.0.93,Public,SCEA,3446195374_DAT,1,1,
PixelJunk Exhibition,1.3.2.16,Public,SCEA/SCEE/SCEJ,1627760532_DAT,1,1,
PixelJunk Exhibition ,1.3.2.16,Public,SCEA/SCEE/SCEJ,3708079242_DAT,1,1,
PixelJunk Exhibition ,1.3.2.16,Public,SCEA/SCEE/SCEJ,826113448_DAT,1,1,
PixelJunk Shooter Mother Ship ,1.3.2.16,Public,SCEA/SCEE/SCEJ,3991785025_DAT,1,1,
PixelJunk Shooter Mother Ship  ,1.3.2.16,Public,SCEA/SCEE/SCEJ,2580442563_DAT,1,1,
Playground Apartment , 1.3.5.121,Private,SCEA,null,1,1,
PlayStation Home Mansion - First Floor ,1.40.0.265,Private,SCEA/SCEE,17984249_DAT,1,1,
PlayStation Home Mansion Garage Personal Space,1.60.0.450,Private,SCEA/SCEE,3087562248_DAT,1,1,
PlayStation Mini's Game Lounge,1.40.0.264,Public,SCEE,2086404624_DAT,1,1,
PlayStation Mini's Game Lounge,1.40.0.264,Public,SCEE,1273115728_DAT,1,1,
PlayStation Move Backstage Pass SCEE, 1.3.6.22,Public,SCEE,2972722050_DAT,1,1,
PlayStation Move Backstage Pass SCEE , 1.3.6.22,Public,SCEE,3042066007_DAT,1,1,
PlayStation Network Mini's Space,1.41.0.37,Public,SCEE,1278989133_DAT,1,1,
PlayStation Network Mini's Space,1.50.0.238,Public,SCEE,1625708918_DAT,1,1,
PlayStation Network Mini's Space,1.3.6.22,Public,SCEE,3151086362_DAT,1,1,
PlayStation Plus Private Members Club , 1.40.0.265,Public,SCEE,939736206_DAT,1,1,
PlayStation The Studio Mini Space ,null,Public,SCEE,2008580868_DAT,1,1,
Playstation Vita Lounge SCEE ,1.60.0.450,Public,SCEE,3093939421_DAT,1,1,
Public Beach ,1.80.0.53,Public,SCEA,1098000520_DAT,1,1,
RaceOn Apartment ,1.65.0.139,Private,SCEA,3083054372_DAT,1,1,
Radd & Son Garage Rooftop,1.70.0.93,Private,SCEA,3813424247_DAT,1,1,
Ratchet & Clank Time Travelers,1.3.2.16,Public,SCEA,1253485705_DAT,1,1,
Ratchet & Clank Time Travellers,1.3.0.125,Public,SCEA,1440479389_DAT,1,1,
Ratchet & Clank Time Travellers,1.3.0.125,Public,SCEA,1579167303_DAT,1,1,
RC Rally ,1.55.0.155,Public,SCEA,4134482519_DAT,1,1,
Red Bull Air Race ,1.3.5.121,Public,SCEA/SCEE/SCEJ,1069393633_DAT,1,1,
Red Bull Air Race ,1.3.2.16,Public,SCEA/SCEE/SCEJ,1584409493_DAT,1,1,
Red Bull Air Race ,null,Public,SCEA/SCEE/SCEJ,2979628164_DAT,1,1,
Red Bull Beach , 1.3.5.121,Public,SCEA/SCEE/SCEJ,1951465188_DAT,1,1,
Red Bull Beach,1.3.2.16,Public,SCEA/SCEE/SCEJ,3728635886_DAT,1,1,
Red Bull Hub, 1.3.5.121,Public,SCEA/SCEE/SCEJ,3658549537_DAT,1,1,
Red Bull illume,1.3.2.16,Public,SCEA/SCEE/SCEJ,1985704025_DAT,1,1,
Resident Evil 5 Studio Lot ,null,Public,SCEA/SCEE/SCEJ,4230587726_DAT,1,1,
Resistance 2 Station,null,Public,SCEA/SCEE/SCEJ,954368644_DAT,1,1,
S.I.N.'s Secret Base from Street Fighter IV ,null,Public,SCEA/SCEE/SCEJ/SCEAsia,720686285_DAT,1,1,
S.I.N.'s Secret Base from Street Fighter IV ,null,Public,SCEA/SCEE/SCEJ/SCEAsia,103784612_DAT,1,1,
SCEA (Asia) Hong Kong Home Square,1.70.0.93,Public,SCE(Asia),962822889_DAT,1,1,
SCEA (Asia) Hong Kong Lounge ,1.3.6.22,Public,SCE(Asia),1511338103_DAT,1,1,
SCEA (Asia) Hong Kong Marketplace Shopping Mall East ,1.70.0.93,Public,SCE(Asia),683856911_DAT,1,1,
SCEA (Asia) Hong Kong Marketplace Shopping Mall West,1.70.0.93,Public,SCE(Asia),7811934_DAT,1,1,
SCEA (Asia) Shopping Mall East,1.75.0.85,Public,SCE(Asia),146499848_DAT,1,1,
SCEA (Asia) Shopping Mall East,1.75.0.85,Public,SCE(Asia),961232739_DAT,1,1,
SCEA Action District, 1.60.0.450,Public,SCEA,1402203114_DAT,1,1,
SCEA Action District,1.70.0.93,Public,SCEA,3065371179_DAT,1,1,
SCEA Action District,1.50.0.238,Public,SCEA,3768097827_DAT,1,1,
SCEA Action District , 1.60.0.450,Public,SCEA,3976129698_DAT,1,1,
SCEA Action District ,1.70.0.93,Public,SCEA,4184161569_DAT,1,1,
SCEA Action District,1.70.0.93,Public,SCEA,4253505526_DAT,1,1,
SCEA Adventure District ,1.70.0.93,Public,SCEA,2364658976_DAT,1,1,
SCEA Cental Plaza 2010 Winter Holiday Edition, 1.40.0.265,Public,SCEA,268776901_DAT,1,1,
SCEA Central Plaza ,1.52.0.2,Public,SCEA,572685608_DAT,1,1,
SCEA Central Plaza ,1.41.0.37,Public,SCEA,684840643_DAT,1,1,
SCEA Central Plaza,1.40.0.265,Public,SCEA,1105262423_DAT,1,1,
SCEA Central Plaza,1.52.0.2,Public,SCEA,1409171130_DAT,1,1,
SCEA Central Plaza ,1.3.2.27,Public,SCEA,1776527152_DAT,1,1,
SCEA Central Plaza ,1.50.0.238,Public,SCEA,2916921381_DAT,1,1,
SCEA Central Plaza ,1.3.0.125,Public,SCEA,3644455953_DAT,1,1,
SCEA Central Plaza,1.3.2.16,Public,SCEA,3713799910_DAT,1,1,
SCEA Central Plaza,1.50.0.238,Public,SCEA,3713799910_DAT,1,1,
SCEA Central Plaza KillZone 3 Edition ,1.41.0.37,Public,SCEA,3250567052_DAT,1,1,
SCEA Cinema Auditorium,null,Public,SCEA,4023842567_DAT,1,1,
SCEA Core Markeplace ,1.52.0.2,Public,SCEA,1419323560_DAT,1,1,
SCEA Core Marketplace,1.55.0.155,Public,SCEA,1014488194_DAT,1,1,
SCEA Core Marketplace,1.55.0.155,Public,SCEA,2951760952_DAT,1,1,
SCEA Core Marketplace,1.75.0.85,Public,SCEA,3233494818_DAT,1,1,
SCEA Core Marketplace,1.70.0.93,Public,SCEA,3370055083_DAT,1,1,
SCEA Core Marketplace,1.55.0.155,Public,SCEA,3777018098_DAT,1,1,
SCEA Core Marketplace,1.55.0.155,Public,SCEA,3985049969_DAT,1,1,
SCEA Core Marketplace,1.55.0.155,Public,SCEA,737112366_DAT,1,1,
SCEA Core Marketplace ,1.70.0.93,Public,SCEA,1083832151_DAT,1,1,
SCEA Core Marketplace ,1.60.0.450,Public,SCEA,2117121168_DAT,1,1,
SCEA Core Marketplace ,null,Public,SCEA,2763352231_DAT,1,1,
SCEA Core Marketplace ,1.52.0.2,Public,SCEA,2882416995_DAT,1,1,
SCEA Core Marketplace ,1.55.0.155,Public,SCEA,3638330184_DAT,1,1,
SCEA Core Marketplace ,1.60.0.451,Public,SCEA,596296803_DAT,1,1,
SCEA Core Marketplace (Mall Floor 2) ,1.80.0.53,Public,SCEA,3302838775_DAT,1,1,
SCEA Core Plaza,1.55.0.155,Public,SCEA,1907652943_DAT,1,1,
SCEA Core Sports Poker Room ,1.60.0.450,Public,SCEA,2697263390_DAT,1,1,
SCEA Home Square,1.41.0.37,Public,SCEA,3181223095_DAT,1,1,
SCEA Home Theatre,1.3.2.27,Public,SCEA,2112891862_DAT,1,1,
SCEA Home Theatre ,1.41.0.37,Public,SCEA,244963061_DAT,1,1,
SCEA Hub, 1.60.0.451,Public,SCEA,1362002014_DAT,1,1,
SCEA Hub,1.70.0.93,Public,SCEA,1583107999_DAT,1,1,
SCEA Hub,1.50.0.238,Public,SCEA,2315000609_DAT,1,1,
SCEA Hub,1.60.0.450,Public,SCEA,2744138465_DAT,1,1,
SCEA Hub,1.60.0.451,Public,SCEA,2999384685_DAT,1,1,
SCEA Hub,1.55.0.155,Public,SCEA,4057315610_DAT,1,1,
SCEA Hub,1.55.0.155,Public,SCEA,4270225083_DAT,1,1,
SCEA Hub , 1.70.0.93,Public,SCEA,3732770666_DAT,1,1,
SCEA Mall Floor 2 (SCEA Marketplace 2),1.55.0.155,Public,SCEA,806456323_DAT,1,1,
SCEA Original Mall ,1.41.0.37,Public,SCEA,236118253_DAT,1,1,
SCEA Original Mall ,1.3.2.27,Public,SCEA,3971975855_DAT,1,1,
SCEA Pier Park Christmas Holiday Edition,1.60.0.450,Public,SCEA,1136001915_DAT,1,1,
SCEA Plaza (The Hub) Street Fighter x Tekken Edition,1.60.0.450,Public,SCEA,2953128733_DAT,1,1,
SCEA Plaza (The Hub) Street Fighter x Tekken Edition ,1.60.0.450,Public,SCEA,2605450551_DAT,1,1,
SCEA Sports Walk ,1.52.0.2,Public,SCEA,2071307616_DAT,1,1,
SCEA Sports Walk ,1.60.0.450,Public,SCEA,394609471_DAT,1,1,
SCEA The Gamer's Lounge,1.41.0.37,Public,SCEA,4057650871_DAT,1,1,
SCEA The Gamer's Lounge  ,1.3.0.125,Public,SCEA,3780275043_DAT,1,1,
SCEA Theatre ,1.70.0.93,Public,SCEA,3323345049_DAT,1,1,
SCEE Central Lobby GDC ,null,Public,SCEE,null,1,1,
SCEE Christmas Home Square ,1.70.0.93,Public,SCEE,2950183896_DAT,1,1,
SCEE Home Square,1.80.0.53,Public,SCEE,115797735_DAT,1,1,
SCEE Home Square,1.60.0.450,Public,SCEE,2936725131_DAT,1,1,
SCEE Home Square ,1.70.0.93,Public,SCEE,3158215767_DAT,1,1,
SCEE Home Square ,1.66.0.144,Public,SCEE,3842939261_DAT,1,1,
SCEE Home Square ,1.70.0.93,Public,SCEE,453801444_DAT,1,1,
SCEE Home Square ,1.41.0.37,Public,SCEE,790103841_DAT,1,1,
SCEE Home Square (Version 2),1.52.0.2,Public,SCEE,1292943692_DAT,1,1,
SCEE Home Square Christmas Edition,1.70.0.93,Public,SCEE,2950183896_DAT,1,1,
SCEE Home Square Version 2,1.52.0.2,Public,SCEE,3789326144_DAT,1,1,
SCEE Home Square Version 2,1.3.6.22,Public,SCEE,4031453017_DAT,1,1,
SCEE Home Square Version 2 ,1.3.6.22,Public,SCEE,1183992742_DAT,1,1,
SCEE Home Square Version 2 ,1.50.0.238,Public,SCEE,2324386971_DAT,1,1,
SCEE Home Square Version 2 ,1.3.6.22,Public,SCEE,906616914_DAT,1,1,
SCEE Home Square Version 2 (Halloween Edition),1.3.6.22,Public,SCEE,2232868173_DAT,1,1,
SCEE Home Square Version 2 (Winter Edition),1.40.0.265,Public,SCEE,3346729523_DAT,1,1,
SCEE Home Square Version 2 (Winter Edition) ,1.52.0.2,Public,SCEE,2823253435_DAT,1,1,
SCEE Home Square Version 3,1.60.0.450,Public,SCEE,1415900766_DAT,1,1,
SCEE Home Square Version 3,1.75.0.85,Public,SCEE,1775694665_DAT,1,1,
SCEE Home Square Version 3,1.80.0.53,Public,SCEE,2076684239_DAT,1,1,
SCEE Home Square Version 3,1.75.0.85,Public,SCEE,3787711016_DAT,1,1,
SCEE Home Square Version 3 ,1.80.0.53,Public,SCEE,115797735_DAT,1,1,
SCEE Home Square Version 3 ,1.80.0.53,Public,SCEE,4272077117_DAT,1,1,
SCEE Home Theatre Cinema, 1.3.6.22,Public,SCEE,3806656541_DAT,1,1,
SCEE Marketplace,1.70.0.93,Public,SCEE,3276120097_DAT,1,1,
SCEE Original Mall (Marketplace) ,null,Public,SCEE,3555912113_DAT,1,1,
SCEE Shopping Mall East, 1.3.6.22,Public,SCEE,1663392283_DAT,1,1,
SCEE Shopping Mall East,1.80.0.53,Public,SCEE,1685567124_DAT,1,1,
SCEE Shopping Mall East, 1.41.0.37,Public,SCEE,211527224_DAT,1,1,
SCEE Shopping Mall East, 1.66.0.144,Public,SCEE,3137432183_DA,1,1,
SCEE Shopping Mall East ,1.75.0.85,Public,SCEE,1616223167_DAT,1,1,
SCEE Shopping Mall East , 1.3.6.22,Public,SCEE,1802080197_DAT,1,1,
SCEE Shopping Mall East , 1.3.6.22,Public,SCEE,2079456025_DAT,1,1,
SCEE Shopping Mall East , 1.66.0.144,Public,SCEE,2998744269_DAT,1,1,
SCEE Shopping Mall East ,1.60.0.450,Public,SCEE,363289252_DAT,1,1,
SCEE Shopping Mall West, 1.75.0.85,Public,SCEE,363289252_DAT,1,1,
SCEE Shopping Mall West,1.41.0.37,Public,SCEE,574029067_DAT,1,1,
SCEE Shopping Mall West ,1.80.0.53,Public,SCEE,2517498177_DAT,1,1,
SCEE Tree House Personal Space,1.3.0.317,Private,SCEE,1862892282_DAT,1,1,
SCEJ Home Square ホームスクエア,1.70.0.93,Public,SCEJ,515087000_DAT,1,1,
SCEJ Home Square ホームスクエア,1.40.0.265,Public,SCEJ,129983385_DAT,1,1,
SCEJ Home Square ホームスクエア Winter Night Edition ,1.40.0.265,Public,SCEJ,1234744008_DAT,1,1,
SCEJ Japan Cinema Auditorium  ,1.52.0.2,Public,SCEJ,3992479384_DAT,1,1,
SCEJ Music Cafe ホームカフェ,1.40.0.265,Public,SCEJ,820506587_DAT,1,1,
SCEJ Original Mall マーケットプレイス,1.3.6.22,Public,SCEJ,1448880631_DAT,1,1,
SCEJ ホームスクエア (Japan Home Square Original),1.80.0.53,Public,SCEJ,null,1,1,
SCEJ ホームスクエア Winter Night Edition  ,1.80.0.53,Public,SCEJ,null,1,1,
SeaClyff Retreat Personal Space Game Mechanic,1.80.0.53,Private,SCEA,1691782632_DAT,1,1,
SeaClyff Retreat Personal Space Game Mechanics,1.80.0.53,Private,SCEA,171343808_DAT,1,1,
Serenity Plaza Mini-Bots Halloween Spooktacular ,1.80.0.53,Public,SCEA,3175486394_DAT,1,1,
SingStar,null,Public,SCEA/SCEE,1472782262_DAT,1,1,
SingStar,1.40.0.264,Public,SCEA/SCEE,3622444929_DAT,1,1,
SingStar ,1.3.0.130,Public,SCEA,1056718520_DAT,1,1,
SingStar ,1.41.0.37,Public,SCEA/SCEE,3622444929_DAT,1,1,
SingStar (DEV),1.3.0.130,Public,SCEE,568018576_DAT,1,1,
SingStar Christmas Space ,1.3.0.130,Public,SCEE,3278303053_DAT,1,1,
SingStar VIP Lounge (DEV) ,1.3.0.130,Public,SCEA/SCEE,1135554912_DAT,1,1,
SingStar® Store,1.40.0.264,Public,SCEE,3852711897_DAT,1,1,
Siren - Ward of Despair Lounge,null,Public,SCEA/SCEE/SCEJ,2855471741_DAT,1,1,
Siren Lobby (SCEJ) ,null,Public,SCEJ,1022752561_DAT,1,1,
Siren Lounge (SCEJ) ,null,Public,SCEJ,4195357533_DAT,1,1,
Slap Happy Sam's Stage Show ,1.41.0.37,Public,SCEA/SCEE,127221625_DAT,1,1,
Sodium,1.40.0.264,Public,SCEA/SCEE/SCEJ,149164688_DAT,1,1,
Sodium, 1.3.6.22,Public,SCEA/SCEE/SCEJ,1947749532_DAT,1,1,
Sodium, 1.3.6.22,Public,SCEA/SCEE/SCEJ,2017093489_DAT,1,1,
Sodium,1.3.2.16,Public,SCEA/SCEE/SCEJ,3468958548_DAT,1,1,
Sodium,1.40.0.264,Public,SCEA/SCEE/SCEJ,79820731_DAT,1,1,
Sodium ,1.40.0.264,Public,SCEA/SCEE/SCEJ,10476774_DAT,1,1,
Sodium ,1.3.5.120,Public,SCEA/SCEE/SCEJ,3815678333_DAT,1,1,
Sodium 1 Aparment,1.3.2.16,Private,SCEA/SCEE/SCEJ,3464511949_DAT,1,1,
Sodium 1 Apartment ,1.3.6.22,Private,SCEA/SCEE/SCEJ,2151334804_DAT,1,1,
Sodium 2,1.50.0.238,Public,SCEA/SCEE/SCEJ,3691760509_DAT,1,1,
Sodium 2 ,1.60.0.450,Public,SCEA/SCEE/SCEJ,1615799837_DAT,1,1,
Sodium 2 Desert Racer ,1.50.0.238,Public,SCEA/SCEE/SCEJ,3761104466_DAT,1,1,
Sodium 2 Project Velocity ,1.50.0.238,Public,SCEA/SCEE/SCEJ,3830448423_DAT,1,1,
Sodium Main Hub,1.52.0.2,Public,SCEA/SCEE/SCEJ,3051557229_DAT,1,1,
Sodium Main Hub ,1.3.6.22,Public,SCEA/SCEE/SCEJ,2151334804_DAT,1,1,
Sodium One Apartment ,1.3.2.16,Private,SCEA/SCEE/SCEJ,3603199863_DAT,1,1,
Sodium Trainer ,1.3.6.22,Private,SCEA/SCEE/SCEJ,3713857377_DAT,1,1,
Sports Walk District ,1.60.0.450,Public,SCEA/SCEE/SCEJ,463953428_DAT,1,1,
Sports Walk District ,1.70.0.93,Public,SCEA/SCEE,602641342_DAT,1,1,
SportsWalk District  ,1.60.0.450,Public,SCEA/SCEE,1136001915_DAT,1,1,
Spunland,1.80.0.53,Public,SCEA/SCEE,3063728845_DAT,1,1,
Spunland,1.80.0.53,Public,SCEA/SCEE,3133072802_DAT,1,1,
Star Wars Cantina,1.3.6.22,Public,SCEA,1328829607_DAT,1,1,
Summer House,1.3.0.317,Private,SCEA/SCEE,1328829607_DAT,1,1,
Summer House ,null,Private,SCEA/SCEE,3681539546_DAT,1,1,
Summer House ,1.41.0.37,Private,SCEA/SCEE,3161539921_DAT,1,1,
Sunset Lounge,1.75.0.85,Public,SCEA/SCEE,516031400_DAT,1,1,
Tekken 6 - Mishima Zaibatsu Recreation Floor ,1.3.2.16,Public,SCEA/SCEE/SCEJ,2906690873_DAT,1,1,
Tekken 6 - Mishima Zaibatsu Recreation Floor ,1.3.0.125,Public,SCEA/SCEE/SCEJ,3719988523_DAT,1,1,
Tekken 6 - Mishima Zaibatsu Recreation Floor ,1.3.0.125,Public,SCEA/SCEE/SCEJ,3796188318_DAT,1,1,
The Casino (Bingo Hall Paradise Room) ,1.80.0.53,Public,SCEA/SCEE,1955192360_DAT,1,1,
The Casino Complimentary Hotel Room ,1.66.0.144,Private,SCEA/SCEE,2992125334_DAT,1,1,
The Casino Complimentary Hotel Room , 1.70.0.93,Private,SCEA/SCEE,638788834_DAT,1,1,
The Casino Lounge (SCEA),1.80.0.53,Public,SCEA/SCEE,1135159195_DAT,1,1,
The Casino Lounge (SCEA),1.80.0.53,Public,SCEA/SCEE,15897521_DAT,1,1,
The Casino Lounge (SCEA),1.80.0.53,Public,SCEA/SCEE,3906096927_DAT,1,1,
The Casino Lounge (SCEA) ,1.80.0.53,Public,SCEA/SCEE,2641328712_DAT,1,1,
The Casino Lounge (SCEA) ,1.80.0.53,Public,SCEA/SCEE,3627802565_DAT,1,1,
The Casino Lounge (SCEE),1.70.0.93,Public,SCEA/SCEE,1131420113_DAT,1,1,
The Casino Lounge (SCEE) ,1.75.0.85,Public,SCEA/SCEE,2022514236_DAT,1,1,
The Casino Lounge (SCEE) ,1.75.0.85,Public,SCEA/SCEE,2091858193_DAT,1,1,
The Casino Lounge (SCEE) ,1.75.0.85,Public,SCEA/SCEE,992732199_DAT,1,1,
The Casino Paradise Springs Poker Lounge,1.75.0.85,Public,SCEA/SCEE,2710672669_DAT,1,1,
The Complex nDreams,1.75.0.85,Private,SCEA/SCEE,4191932071_DAT,1,1,
The Complex nDreams,1.75.0.85,Private,SCEA/SCEE,4122588114_DAT,1,1,
The Dream Yacht Arctic Voyage ,1.70.0.93,Private,SCEA/SCEE/SCEJ,180758764_DAT,1,1,
The Ford Showroom , 1.50.0.238,Public,SCEA,2962508623_DAT,1,1,
The Irish Pub Apartment VEEMEE ,1.70.0.93,Private,SCEA/SCEE,1194813851_DAT,1,1,
The Midnight Glade ,1.60.0.450,Public,SCEA,2642880172_DAT,1,1,
The Midway,1.3.6.22,Public,SCEA/SCEE/SCEJ/SCEAsia,3126220452_DAT,1,1,
The Midway,1.65.0.139,Public,SCEA/SCEE/SCEJ/SCEAsia,3353767989_DAT,1,1,
The Midway,1.65.0.139,Public,SCEA/SCEE/SCEJ/SCEAsia,4025319993_DAT,1,1,
The Midway ,1.3.5.121,Public,SCEA/SCEE/SCEJ/SCEAsia,2163015245_DAT,1,1,
The Midway 2,1.65.0.139,Public,SCEA/SCEE/SCEJ/SCEAsia,1535667479_DAT,1,1,
The Midway 3 , 1.60.0.450,Public,SCEA/SCEE/SCEJ/SCEAsia,3955976036_DAT,1,1,
The Midway Darla's Den Personal Space  ,1.3.5.121,Private,SCEA/SCEE/SCEJ/SCEAsia,55663863_DAT,1,1,
The Midway HotZone ,1.65.0.139,Public,SCEA/SCEE/SCEJ/SCEAsia,1342095725_DAT,1,1,
The Midway Personal Space  ,1.3.5.121,Private,SCEA/SCEE/SCEJ/SCEAsia,2339656406_DAT,1,1,
The Nightmare Yacht ,1.80.0.53,Private,SCEA/SCEE,2927945365_DAT,1,1,
The Paradise Springs Casino Lounge,1.75.0.85,Public,SCEA/SCEE,3350426737_DAT,1,1,
The Paradise Springs Casino Lounge,1.80.0.53,Public,SCEA/SCEE,3419770694_DAT,1,1,
The Playground,1.3.5.121,Public,SCEA/SCEE,1531272934_DAT,1,1,
The Prairie Ranch,1.80.0.53,Private,SCEA,2079983686_DAT,1,1,
The Prairie Saloon ClubHouse Lockwood,1.80.0.53,Private,SCEA,2463297032_DAT,1,1,
The War Room Clubhouse,1.60.0.450,Private,SCEA,1481415553_DAT,1,1,
The War Room Clubhouse ,1.70.0.93,Private,SCEA,1689447424_DAT,1,1,
Theatre,1.52.0.2,Public,SCEA,1243026339_DAT,1,1,
Theatre,1.50.0.238,Public,SCEA/SCEE,3434785083_DAT,1,1,
Theatre Auditorium 2 ,1.60.0.450,Public,SCEA,1774091835_DAT,1,1,
Theatre Auditorium 5 ,1.52.0.2,Public,SCEA,1404415420_DAT,1,1,
Tropical Escape SCEA Personal Space,1.3.2.27,Private,SCEA/SCEE,1208978907_DAT,1,1,
Tuscan Villa Apartment ,1.80.0.53,Private,SCEA/SCEE,3479931715_DAT,1,1,
Tycoon Penthouse ,1.51.0.60,Private,SCEA/SCEE,299160918_DAT,1,1,
UFC Octagon,1.41.0.37,Private,SCEA/SCEE,2516694604_DAT,1,1,
Uncharted - Artifact Room ,null,Private,SCEA/SCEE,2885609567_DAT,1,1,
Uncharted - Sully's Bar,null,Public,SCEA/SCEE,2183137126_DAT,1,1,
Uncharted - Sully's Bar ,null,Public,SCEA/SCEE,null,1,1,
Uncharted 2 Nepalese Village,1.3.0.125,Public,SCEA/SCEE,2740048538_DAT,1,1,
Uncharted 2 Nepalese Village ,1.3.2.16,Public,SCEA/SCEE,2825783871_DAT,1,1,
Uncharted 3 Yemen,1.50.0.238,Public,SCEA/SCEE,1276246134_DAT,1,1,
Uncharted Smuggler's Den ,null,Public,SCEA/SCEE,1978162574_DAT,1,1,
Uproar, 1.65.0.139,Public,SCEA/SCEE,2229585308_DAT,1,1,
Uproar ,1.70.0.93,Public,SCEA/SCEE,2368273222_DAT,1,1,
Virtua Tennis 4 Baseline Battle Personal Space (SEGA) ,null,Private,SCEA/SCEE,2490953729_DAT,1,1,
War Room  ,1.60.0.450,Public,SCEA/SCEE,1620103467_DAT,1,1,
Warhawk,null,Public,SCEA/SCEE,2845872023_DAT,1,1,
Western Frontier,1.82.0.17,Public,SCEA/SCEE,3568754163_DAT,1,1,
Winter Holiday Hullabaloo 2011,1.55.0.155,Public,SCEA,1302731146_DAT,1,1,
Winter Holiday Hullabaloo 2011 ,1.70.0.93,Public,SCEA,2108305745_DAT,1,1,
Winter Holiday Hullabaloo 2011 ,1.55.0.155,Public,SCEA,3383049856_DAT,1,1,
Winter Vacation Villa , 1.75.0.85,Private,SCEA/SCEE,2846195824_DAT,1,1,
Winter Wonderland 2009 ,1.40.0.265,Public,SCEE,230121953_DAT,1,1,
Winter Wonderland 2009  ,1.3.2.16,Public,SCEE,379264184_DAT,1,1,
Wipeout ,1.3.6.22,Public,SCEA/SCEE,1377660751_DAT,1,1,
Wipeout  ,1.3.6.22,Public,SCEA/SCEE,1308316794_DAT,1,1,
Wizards Den ,1.3.2.27,Private,SCEA/SCEE,2969948624_DAT,1,1,
x7 ,1.60.0.450,Public,SCEA,1111502210_DAT,1,1,
x7 Club ,1.65.0.139,Public,SCEA,2059225307_DAT,1,1,
x7 Entrance & Club ,1.60.0.449,Public,SCEA,1180846167_DAT,1,1,
XI,null,Public,SCEA/SCEE,546865109_DAT,1,1,
Xi Alpha Zone 3 - Expert Maze ,1.40.0.265,Public,SCEA/SCEE,1036563089_DAT,1,1,
Xi AlphaZone 1 ,1.40.0.265,Public,SCEA/SCEE,2163583533_DAT,1,1,
Xi AlphaZone 1 Hexathlon,1.40.0.265,Public,SCEA/SCEE,3910764905_DAT,1,1,
Xi AlphaZone 3 Entrance ,1.40.0.265,Public,SCEA/SCEE,4144053985_DAT,1,1,
Xi AlphaZone 3 GhostMaze ,1.40.0.265,Public,SCEA/SCEE,3817711005_DAT,1,1,
Xi AlphaZone 3 RiddleMaze ,1.40.0.265,Public,SCEA/SCEE,2427137047_DAT,1,1,
Xi Alumni Hub ,1.40.0.265,Public,SCEA/SCEE,2345636277_DAT,1,1,
Xi Alumni Hub ,1.52.0.2,Public,SCEA/SCEE,2484324191_DAT,1,1,
Xi AZ1 Hexathlon ,null,Public,SCEA/SCEE,2455718585_DAT,1,1,
Xi City ,1.70.0.92,Public,SCEA/SCEE,1079681347_DAT,1,1,
Xi City ,1.70.0.93,Public,SCEA/SCEE,1149025304_DAT,1,1,
Xi Maximum Tilt,1.40.0.265,Public,SCEA/SCEE,1185415115_DAT,1,1,
Yeti's VS Hunters,1.55.0.155,Public,SCEA/SCEE,3395764278_DAT,1,1,
Yeti's VS Hunters ,1.55.0.155,Public,SCEA/SCEE,3326420321_DAT,1,1,
おしゃべりファーム (Oshaberi Farms),1.75.0.85,Public,SCEJ,null,1,1,
おしゃべりファーム (Oshaberi Farms) ,1.70.0.93,Public,SCEJ,1315385062_DAT,1,1,
おしゃべりファーム　ユグドラ市場 (Oshaberi Talking Farm Lobby) ,null,Public,SCEJ,889895461_DAT,1,1,
おしゃべり農園 (Oshaberi Farm Garden),1.70.0.93,Public,SCEJ,119615854_DAT,1,1,
おしゃべり農園 (Oshaberi Farm Garden) ,1.75.0.85,Public,SCEJ,null,1,1,
カプコンスカイラウンジ (Capcom Sky Lounge) ,1.40.0.265,Public,SCEJ,null,1,1,
ゲームスペース (SCEJ Bowling Alley ie Game Space) ,1.3.5.121,Public,SCEJ,2367735666_DAT,1,1,Japanese Game Space
ピークヴォックスモンスター (Peakvox Monsters) ,1.80.0.53,Public,SCEJ,null,1,1,
四季彩の部屋 (Peakvox Seasonal Themed Room),null,Public,SCEJ,3914990191_DAT,1,1,
怪物ジャポン 一本釣り (GAW Japanese Monster Fishing) ,1.70.0.93,Public,SCEJ,null,1,1,
照英王国 Shoei Kingdom (JP),1.65.0.139,Public,SCEJ,3378468713_DAT,1,1,
照英王国 Shoei Kingdom (JP), 1.80.0.53,Public,SCEJ,null,1,1,
照英王国 Shoei Kingdom (JP) ,1.60.0.450,Public,SCEJ,47887315_DAT,1,1,
銀玉人情商店街 (IREM Market Japan),1.41.0.37,Public,SCEJ,null,1,1,
