ID,Revision/Version,Scene Type (Private/Public,Region, Name,Have Space,Have Metadata,Notes
Acorn Meadows Park 4th Of July Edition (Night) VEEMEE ,1.80.0.53,Public,SCEA/SCEE,1272227522_DAT,1,1,
Acorn Meadows Park Halloween Edition VEEMEE,1.80.0.53,Public,SCEA/SCEE,3152494317_DAT,1,1,
Acorn Meadows Park VEEEMEE ,1.80.0.53,Public,SCEA/SCEE,3312288580_DAT,1,1,
Acorn Meadows Park VEEEMEE ,1.80.0.53,Public,SCEA/SCEE,1236327908_DAT,1,1,
Acorn Meadows Park VEEEMEE ,1.80.0.53,Public,SCEA/SCEE,958952080_DAT,1,1,
Acorn Meadows Park VEEEMEE ,1.80.0.53,Public,SCEA/SCEE,1166983951_DAT,1,1,
Acorn Meadows Park VEEEMEE ,1.75.0.85,Public,SCEA/SCEE,3034912752_DAT,1,1,
Adventure District,1.70.0.93,Public,SCEA/SCEE,145652352_DAT,1,1,
Adventure District,1.60.0.450,Public,SCEA/SCEE,3124783417_DAT,1,1,
Adventure District,1.60.0.450,Public,SCEA/SCEE,349404978_DAT,1,1,
Adventure District,1.60.0.450,Public,SCEA/SCEE,4163243820_DAT,1,1,
Adventure District,1.70.0.93,Public,SCEA/SCEE,418748935_DAT,1,1,
Andy's Room Toy Story 3,1.3.6.22,Private,SCEA/SCEE,233744360_DAT,1,1,
Anime Apartment,1.3.2.27,Private,SCEA/SCEE/SCEJ,3342041977_DAT,1,1,
Anime Apartment,1.41.0.37,Private,SCEA/SCEE/SCEJ,3688761762_DAT,1,1,
Aquarium Pet Shop ,1.70.0.93,Public,SCEA/SCEE,246983732_DAT,1,1,
Assassin's Creed Abstergo Lab [649449146_DAT] {HDK 1.3.2.27.PUB} {1.3.0 SE}.,,Public,SCEA/SCEE,649449146_DAT,1,1,
Assassin's Creed Hideout [2827231782_DAT] {HDK 1.3.2.27.PUB} {1.3.0 SE}.,,Public,SCEA/SCEE,,1,1,
Assassin's Creed II Apartment [139829531_DAT] {HDK 1.3.6.22.PUB} {1.3.0 SE}.,,Private,SCEA/SCEE,,1,1,
Audi Concert Hall [3411738627_DAT] {HDK 1.55.0.155.BETA2} {1.3.0 SE}.,,,,,1,1,
Audi Connect [185594583_DAT] {HDK 1.70.0.93.PUB} {1.3.0 SE}.,,,,,1,1,
Audi Hub [2796490591_DAT] {HDK 1.3.2.16.BETA1} {1.3.0 SE}.,,Public,,,1,1,
Audi Hub [3632976113_DAT] {HDK 1.52.0.2.PUB} {1.3.0 SE}.,,Public,,,1,1,
Audi Hub [3702320070_DAT] {HDK 1.52.0.2.PUB} {1.3.0 SE}.,,Public,,,1,1,
Audi Hub [997905747_DAT] {HDK 1.3.6.22.PUB} {1.3.0 SE}.,,Public,,,1,1,
Audi Sled [2496767245_DAT].,,Public,,,1,1,
Audi Technology Apartment [3007369770_DAT] {HDK 1.70.0.93.PUB SE} {1.3.0 SE}.,,Private,,,1,1,
Audi Terminal SCEE [3910351941_DAT] {HDK 1.70.0.93.PUB SE} {1.3.0 SE}.,,Public,,,1,1,
Audi Vertical Run [3616351940_DAT] {HDK 1.3.2.16.BETA1} {1.3.0 SE}.,,Public,,,1,1,
Audi Vertical Run [3685695897_DAT] {HDK 1.3.6.22.PUB} {1.3.0 SE}.,,Public,,,1,1,
Auditorium 2 [1774091835_DAT] {HDK 1.60.0.450.BETA} {1.3.0 SE}.,,Public,,,1,1,
Auditorium 6 [4157735422_DAT] {HDK 1.60.0.451.PUB} {1.3.0 SE}.,,Public,,,1,1,
Auditorium [3346255190_DAT] {1.1.0 SE}.,null,,,,1,1,
Auditorium [124638390_DAT] {HDK 1.60.0.450.BETA} {1.3.0 S.E}.,,,,,1,1,
Auditorium [3098014472_DAT] {HDK 1.50.0.238.BETA} (1.3.0 SE}.,,,,,1,1,
Aurora Trophy Apartment Showcase {HDK 1.75.0.85.PUB} {1.3.0 SE.,,,SCEA/SCEE/SCEJ,,1,1,
Aurora [220656870_DAT] {HDK 1.60.0.450.BETA} {1.3.0 S.E}.,,,,,1,1,
Aurora [2647695365_DAT] {HDK 1.70.0.93.PUB} {1.3.0 SE}.,,,,,1,1,
Aurora [2786383279_DAT] {HDK 1.75.0.85.PUB} {1.3.0 SE}.,,,,,1,1,
Aurora [2850188002_DAT] {HDK 1.50.0.238.BETA} {1.3.0 SE}.,,,,,1,1,
Aurora [353805550_DAT] {HDK 1.41.0.37.PUB} {1.3.0 SE}.,,,,,1,1,
Aurora [428688741_DAT] {HDK 1.70.0.93.PUB} {1.3.0 SE}.,,,,,1,1,
Avalon Keep Loading Screen [442383372_DAT] {HDK 1.70.0.93.PUB} {1.3.0 SE}.,,Public,,,1,1,
Batman Arkham Asylum Batcave Outpost [3958906332_DAT] {1.1.0 SE}.,,Private,SCEA/SCEE,,1,1,
Beach Mansion [2413380391_DAT] {HDK 1.80.0.53.PUB} {1.3.0 SE}.,,Private,SCEA,,1,1,
Beach Mansion [2690756219_DAT] {HDK 1.80.0.53.PUB} {1.3.0 SE}.,,Private,SCEA,,1,1,
BluePrint Home Tutorial [2750212516_DAT] {HDK 1.70.0.93.PUB} {1.3.0 SE}.,,,SCEA,,1,1,Object
BluePrint Home Tutorial [604907887_DAT] {HDK 1.80.0.53.PUB} {1.3.0 SE}.,,Public,SCEA,,1,1,Object
Bomber Dome (Bomberman Lounge) [3961233031_DAT] {HDK 1.3.6.22.PUB} {1.3.0 SE}.,,Public,SCEA/SCEE/SCEJ,,1,1,
Bootleggers 29' [1306641933_DAT] {HDK 1.60.0.450.BETA} {1.3.0 SE}.,,Public,SCEA,,1,1,
Bowling Alley [1387506567_DAT] {HDK 1.70.0.93.PUB} {1.3.0 SE}.,,Public,SCEA/SCEE,,1,1,
Bowling Alley [1492950097_DAT] {1.3.0}.,,Public,SCEA/SCEE,,1,1,
Bowling Alley [2323210760_DAT] {1.3.0 SE}.,,Public,SCEA/SCEE,,1,1,
Bowling Alley [2398779576_DAT] {HDK 1.60.0.450.BETA} {1.3.0 SE}.,,Public,SCEA/SCEE,,1,1,
Bowling Alley [3376695941_DAT] {1.3.0}.,,Public,SCEA/SCEE,,1,1,
Bowling Alley [472965823_DAT] {HDK 1.70.0.93.PUB} {1.3.0 SE}.,,Public,SCEA/SCEE,,1,1,
Burn Zombie Burn [2612851606_DAT] {HDK 1.3.0.130.BETA2} {1.3.0 SE}.,,Public,SCEA/SCEE,,1,1,
Burn Zombie Burn [308413514_DAT] {HDK 1.3.0.130.BETA2} {1.3.0}.,,Public,SCEA/SCEE,,1,1,
Buzz Home Lobby [2737529178_DAT] {1.1.0 SE}.,,Public,SCEA/SCEE,,1,1,
Buzz! Quiz Game Space [2248926992_DAT] {1.1.0 SE}.,,Public,SCEA/SCEE,,1,1,
Buzz! Quiz Game Space [3099941278_DAT] {1.1.0 SE}.,,Public,SCEA/SCEE,,1,1,
Buzz! Quiz Game Space [3594946916_DAT] {1.1.0 SE}.,,Public,SCEA/SCEE,,1,1,
Chamber Apartment [647076374_DAT] {1.1.0 SE}.,,,,,1,1,
Charcoal Champ [3686036156_DAT] {HDK 1.70.0.93.PUB} {1.3.0 SE}.,,,,,1,1,
Cinema Auditorium [1105472782_DAT] {1.1.0 SE}.,,,,,1,1,
Cinema Auditorium [2454664844_DAT] {1.1.0 SE}.,,,,,1,1,
Cinema Auditorium [3346255190_DAT] {1.1.0 SE}.,,,,,1,1,
Cinema Auditorium [3884275369_DAT] {HDK 1.3.5.120.PUB} {1.3.0 SE}.,,,,,1,1,
Cinema Auditorium [3966410912_DAT] {1.1.0 SE}.,,,,,1,1,
Cinema Theatre [2043547905_DAT] {1.1.0}.,,,,,1,1,
Cinema [3737312584_DAT] {1.3.0 SE}.,,,,,1,1,
Cinema [454262572_DAT] {1.1.0 SE}.,,,,,1,1,
Clearasil Kart Racing [1672058807_DAT] {HDK 1.75.0.85.PUB} {1.3.0 SE}.,,,,,1,1,
Clearasil Ultra Fast Back To School Dash (Hall Skate) [2455064390_DAT] {HDK 1.80.0.53.PUB} {1.3.0 SE}.,,,,,1,1,
ClubHouse SCEE V1 [414128264_DAT] {1.3.0 SE].,,,,,1,1,
Clubhouse V1 [1443317865_DAT] {1.3.0 SE} (1).,,,,,1,1,
Clubhouse V1 [1443317865_DAT] {1.3.0 SE}.,,,,,1,1,
Cogs Sky Platform [3873142894_DAT] {HDK 1.55.0.155.BETA2} {1.3.0 SE}.,,,,,1,1,
Conspiracy Public Space [439509265_DAT] {HDK 1.40.0.265.PUB} {1.3.0 SE}.,,,,,1,1,
Conspiracy Public Space [647541136_DAT] {HDK 1.41.0.37.PUB} {1.3.0 SE}.,,,,,1,1,
Cutteridge Estate (Personal Space) [2855553010_DAT] {HDK 1.70.0.93.PUB} {1.3.0 S.E}.,,,,,1,1,
Cutthroats Battle for Black Powder Cove 610633611_DAT {1.60.0.450.BETA} {1.3.0 SE}.,,,,,1,1,
Cutthroats Battle for Black Powder Cove [610633611_DAT] {HDK 1.60.0.450.BETA} [1.3.0 SE].,,,,,1,1,
DISGAEA 3 Mao's Room [3090542252_DAT] {HDK 1.3.5.121.PUB} {1.3.0 SE}.,,,,,1,1,
Darla's Den Personal Space (Midway) [610415519_DAT] {HDK 1.41.0.37.PUB} {1.3.0 SE}.,,,,,1,1,
Dead Island Central Plaza [3753406903_DAT] {HDK 1.52.0.2.PUB} {1.3.0 SE}.,,,,,1,1,
Dead Island Central Plaza [866462462_DAT] {HDK 1.52.0.2.PUB} {1.3.0 SE}.,,,,,1,1,
Dead Nation Safe House [1735249562_DAT] {HDK 1.41.0.37.PUB } {1.3.0 SE}.,,,,,1,1,
Dead Nation Safe House [2012625390_DAT] {HDK 1.50.0.238.BETA} {1.3.0 SE}.,,,,,1,1,
Desert Haven Clubhouse Tour [3069257727_DAT] {HDK 1.55.0.155.BETA2} [1.3.0 SE].,,,,,1,1,
Desert Haven Clubhouse Tour [3207945641_DAT] {HDK 1.60.0.451.PUB} {1.3.0 SE}.,,,,,1,1,
Diamond Beach Mansion [2482724348_DAT] {HDK 1.75.0.85.PUB} {1.3.0 S.E}.,,,,,1,1,
Diesel Island Public [1563756278_DAT] {HDK 1.55.0.155.BETA2} [1.3.0 SE].,,,,,1,1,
Diesel SS [1410065050_DAT] {HDK 1.70.0.93.PUB} {1.3.0 SE}.,,,,,1,1,
Disgaea 4 Lounge Evil Academy Quiz Panel Mini-Game [2575587437_DAT] {HDK 1.3.5.121.PUB} {1.3.0 SE}.,,,,,1,1,
Doctor Who TARDIS [1671232344_DAT] {HDK 1.80.0.53.PUB} {1.3.0 SE}.,,,,,1,1,
Dragon's Green Golfing [3444909789_DAT] {HDK 1.3.6.22.PUB} {1.3.0 SE}.,,,,,1,1,
Dragon's Green Golfing [3583597703_DAT] {HDK 1.3.6.22.PUB} {1.3.0 SE}.,,,,,1,1,
Dragon's Green [3652941660_DAT] [HDK 1.41.0.37.PUB] {1.3.0 SE}.,,,,,1,1,
Dream Hideway Personal Space [781377597_DAT] {HDK 1.70.0.93.PUB} {1.3.0 SE}.,,,,,1,1,
Drop Science Subway [3118923544_DAT] {HDK 1.80.0.53.PUB} {1.3.0 SE}.,,,,,1,1,
E3 2012 Theatre [406397548_DAT] {HDK 1.60.0.450.BETA} {1.3.0 SE}.dat,,,,,1,1,
E3 2013 Space [3065510033_DAT] {HDK 1.80.0.53.PUB} {1.3.0 SE}.,,,,,1,1,
E3 2013 [2214313352_DAT] {HDK 1.50.0.238.BETA} {1.3.0 SE} (1).,,,,,1,1,
E3 2013 [2214313352_DAT] {HDK 1.50.0.238.BETA} {1.3.0 SE}.,,,,,1,1,
E3 2013 [309436464_DAT] {HDK 1.80.0.53.PUB} {1.3.0 SE} (1).,,,,,1,1,
E3 2013 [309436464_DAT] {HDK 1.80.0.53.PUB} {1.3.0 SE}.,,,,,1,1,
E3® 2010 [3831139914_DAT] {No-Idea}.,,,,,1,1,
E3® 2012 [895612506_DAT] {HDK 1.60.0.450.BETA} {1.3.0 SE}.,,,,,1,1,
EA Complex (Possibly Duplicate Or Updated Scene) [3903454194_DAT] {1.3.0 SE}.,,,,,1,1,
EA Sports Complex Racing [1149614230_DAT] {1.3.0 SE}.,,,,,1,1,
EA Sports Complex Racing [2003689605_DAT] {1.3.0 SE}.,,,,,1,1,
EA Sports Complex [442955456_DAT] {1.3.0}.,,,,,1,1,
EA Sports Golfing [512299413_DAT] {1.3.0 SE}.,,,,,1,1,
EA Sports Racing [3451496707_DAT] {1.3.0 SE}.,,,,,1,1,
EA Sports World Golfing [1485090610_DAT] {1.3.0 SE}.,,,,,1,1,
EU Hub [115797735_DAT] {HDK 1.80.0.53.PUB} {1.3.0 SE}.,,,,,1,1,
F.U.B.A.R. Apartment [304402324_DAT] {HDK 1.70.0.93.PUB} {1.3.0 SE}.,,,,,1,1,
F.U.B.A.R. Apartment [474766624_DAT] {HDK 1.70.0.93.PUB} {1.3.0 SE}.,,,,,1,1,
Far Cry 2 Reuben's Office [179398176_DAT] {1.1.0 SE}.,,,,,1,1,
FarCry Train Station [3936346348_DAT] {1.1.0 SE}.,,,,,1,1,
Feva Arena 2010 [4158943281_DAT] {HDK 1.3.5.121.PUB} {1.3.0 SE}.,,,,,1,1,
Feva Arena Entrance [2359267604_DAT] {HDK 1.3.5.121.PUB} {1.3.0 SE}.,,,,,1,1,
Fight Night Round 4 (EA Sports) [2256239685_DAT] {HDK 1.3.0.130.BETA2} {1.3.0 SE}.,,,,,1,1,
Fight Night Round 4 (EA Sports) [2325583642_DAT] [HDK 1.3.0.130.BETA2] {1.3.0 SE}.,,,,,1,1,
GAME Moonbase [2161495666_DAT] {HDK 1.60.0.450.BETA} {1.3.0 SE}.,,,,,1,1,
GAME Moonbase [4237456338_DAT] {HDK 1.40.0.264.BETA4} {1.3.0 SE}.,,,,,1,1,
Gamescom 2009 Event Space [1289540726_DAT] {HDK 1.3.2.16.BETA1} {1.3.0 SE}.,,,,,1,1,
Gamescom 2012 Event [664907264_DAT] {HDK 1.3.6.22.PUB} {1.3.0 SE}.,,,,,1,1,
Ghostbusters Firehouse Apartment [1492783496_DAT] {HDK 1.3.5.113.BETA} (1.3.0 SE}.,,,,,1,1,
Glittering Sands Beach Granzella [32982147_DAT] {HDK 1.75.0.85.PUB} {1.3.0 SE}.,,,,,1,1,
Godfather 2 Lounge [468234498_DAT] {1.1.0 SE}.,,,,,1,1,
Gothic Cathedral [602279360_DAT] {HDK 1.65.0.139.BETA} {1.3.0 SE}.,,,,,1,1,
Gothic Manor [1932110225_DAT] {1.65.0.139.BETA} {1.3.0 SE}.,,,,,1,1,
GranZella City of Flowers Penthouse Window To The World [1294085680_DAT] {HDK 1.70.0.93.PUB} {1.3.0 SE}.,,,,,1,1,
GranZella City of Flowers Penthouse Window to the World [2605555846_DAT] {HDK 1.70.0.93 PUB} {1.3.0 SE}.,,,,,1,1,
GranZella Glittering Sands Beach (SCEJ) [1369642817_DAT] [HDK 1.70.0.93.PUB] {1.3.0 SE}.,,,,,1,1,
GranZella Glittering Sands Beach [2985579003_DAT] {HDK 1.65.0.139.BETA} {1.3.0 S.E}.,,,,,1,1,
GranZella Glittering Sands Beach [3355812357_DAT] {HDK 1.65.0.139.BETA} {1.3.0 SE}.,,,,,1,1,
GranZella Glittering Sands Beach [3583995750_DAT] {HDK 1.82.0.17.PUB} {1.3.0 SE}.,,,,,1,1,
GranZella Glittering Sands Beach [3792632913_DAT] {HDK 1.70.0.93.PUB} {1.3.0 SE}.,,,,,1,1,
GranZella Glittering Sands Beach [3931320827_DAT] {HDK 1.70.0.93.PUB} {1.3.0 SE}.,,,,,1,1,
GranZella Glittering Sands Beach [3958011742_DAT] {HDK 1.70.0.93.PUB} {1.3.0 SE}.,,,,,1,1,
GranZella Glittering Sands Beach [476342096_DAT] {HDK 1.70.0.93.PUB} {1.3.0 SE}.,,,,,1,1,
GranZella Great Edo Of Nippon - Monoke Bon Festival [4179504746_DAT] {HDK 1.75.0.85.PUB} {1.3.0 S.E}.,,,,,1,1,
GranZella Great Edo Of Nippon [1071960082_DAT] [HDK 1.70.0.93.PUB] {1.3.0 SE}.,,,,,1,1,
GranZella Great Edo Of Nippon [1600664925_DAT] {HDK 1.80.0.53.PUB} {1.3.0 SE}.,,,,,1,1,
GranZella Great Edo Of Nippon [1889768088_DAT] {HDK 1.60.0.450.BETA} {1.3.0 SE}.,,,,,1,1,
GranZella Great Edo Of Nippon [3442086899_DAT] {HDK 1.60.0.450.BETA} {1.3.0 S.E}.,,,,,1,1,
GranZella Great Edo of Nippon [264299908_DAT] {HDK 1.70.0.93.PUB} {1.3.0 SE}.,,,,,1,1,
GranZella Hankagai Models For Main Map [1666483724_DAT] {HDK 1.65.0.139.BETA} {1.3.0 SE}.,,,,,1,1,
GranZella Southern Hideway (Korean Version) [1710017657_DAT] {HDK 1.70.0.93.PUB} [1.3.0 S.E].,,,,,1,1,
GranZella Southern Hideway Personal Jet Ski Race [4149910607_DAT] {HDK 1.70.0.93.PUB} {1.3.0 SE}.,,,,,1,1,
GranZella Southern Hideway [189692525_DAT] {HDK 1.70.0.93.PUB} {1.3.0 SE}.,,,,,1,1,
GranZella Southern Hideway [1961770542_DAT] {HDK 1.51.0.60.PUB} {1.3.0 SE}.,,,,,1,1,
GranZella Southern Hideway [2807485938_DAT] {HDK 1.60.0.450.BETA} {1.3.0 S.E}.,,,,,1,1,
GranZella Southern Island Hideway (SCEJ) [1994188288_DAT] {HDK 1.60.0.450.BETA} {1.3.0 SE}.,,,,,1,1,
Granzella Glittering Sands Beach [3144714092_DAT] {HDK 1.70.0.93.PUB} {1.3.0 SE}.,,,,,1,1,
Granzella Hankagai Lounge Neon ga Shimiru Hanka-gai [2296406396_DAT] {HDK 1.75.0.85.PUB} {1.3.0 SE}.,,,,,1,1,
Gravity Crash Maze [2004618938_DAT] {HDK 1.40.0.264.BETA4} {1.3.0 SE}.,,,,,1,1,
Gravity Crash™ Podium [912853724_DAT] {HDK 1.3.2.16.BETA1} {1.3.0}.,,,,,1,1,
Great Edo of Nippon - Monoke Bon Festival [1912550012_DAT] {HDK 1.80.0.53.PUB} {1.3.0 SE}.,,,,,1,1,
Guitar Hero VIP [717520436_DAT] {HDK 1.3.2.16.BETA1}.,,,,,1,1,
Harry Potter - Pottermore Forbidden Forest (Broomstick Racing) {HDK 1.75.0.81.PUB} {1.3.0 SE}.,,,,,1,1,
Harry Potter Pottermore Diagon Alley [1227802711_DAT] {HDK 1.75.0.85.PUB} {1.3.0 SE}.,,,,,1,1,
Harry Potter Pottermore The Great Hall [2505588907_DAT] {HDK 1.75.0.81.PUB} {1.3.0 SE}.,,,,,1,1,
HeavyWater Lounge [807188130_DAT] {HDK 1.70.0.93.PUB} {1.3.0 SE}.,,,,,1,1,
Hed Kandi Beach Event {1.70.0.93.PUB} {1.3.0 SE}.,,,,,1,1,
Hed Kandi Music Unlimited 2013 {HDK 1.80.0.53.PUB} {1.3.0 SE}.,,,,,1,1,
Hollywood Hills Night [3246014276_DAT] {HDK 1.80.0.53.PUB} {1.3.0}.,,,,,1,1,
Hollywood Hills Night [4253150758_DAT] {HDK 1.3.6.22.PUB} {1.3.0 SE}.,,,,,1,1,
Home Grown Laboratory [408456353_DAT] {HDK 1.70.0.93.PUB} {1.3.0 SE}.,,,,,1,1,
Home Square [1752067784_DAT] {1.3.0 SE}.,,,,,1,1,
Home Square [531035185_DAT] {1.3.0 SE}.,,,,,1,1,
Home Theater Pad [166215333_DAT] {HDK 1.80.0.53.PUB} {1.3.0 SE}.,,,,,1,1,
Home Theater Pad [2151280565_DAT] {HDK 1.80.0.53.PUB} {1.3.0 SE}.,,,,,1,1,
Home Theatre Pad [27527419_DAT] {HDK 1.55.0.155.BETA2} {1.3.0 SE}.,,,,,1,1,
Home Theatre Pad [366250995_DAT] {HDK 1.80.0.53.PUB} {1.3.0 SE}.,,,,,1,1,
Home Tycoon Mini-Game Tutorial [3462179458_DAT] {HDK 1.66.0.144.PUB} {1.3.0 SE}.,,,,,1,1,
Home Tycoon Mini-Game Tutorial [3600867372_DAT] {HDK 1.70.0.93.PUB} {1.3.0 SE}.,,,,,1,1,
Home Tycoon MiniGame [3531523415_DAT] {HDK 1.70.0.93.PUB} {1.3.0 SE}.,,,,,1,1,
Home Tycoon Train Station [1755169476_DAT] {HDK 1.66.0.144.PUB} {1.3.0 SE}.,,,,,1,1,
Home Tycoon Train Station [1824513433_DAT] {HDK 1.70.0.93.PUB} {1.3.0 SE}.,,,,,1,1,
Hot Shots Golf Lounge [3008664532_DAT] {1.1.0 SE}.,,,,,1,1,
Hot Shots Golf Lounge [3751876995_DAT] {1.1.0 SE}.,,,,,,,
Hot Shots Golf Lounge [4040244087_DAT] {1.1.0}.,,,,,1,1,
Hudson Bomber Dome [4274752725_DAT] {HDK 1.3.6.22.PUB} {1.3.0 SE}.,,,,,1,1,
Hudson Dolphy Room [1902315840_DAT] {HDK 1.3.6.22.PUB} {1.3.0 SE}.,,,,,1,1,
Hudson Dolphy Room [3822708743_DAT] {HDK 1.3.6.22.PUB} {1.3.0 SE}.,,,,,1,1,
Hudson Gate Dolphin Race [1971659797_DAT] {HDK 1.3.6.22.PUB} {1.3.0 S.E}.,,,,,1,1,
Hudson Gate [294579761_DAT] {HDK 1.3.6.22.PUB} {1.3.0 SE}.,,,,,1,1,
Hudson Gate [3684020829_DAT] {HDK 1.3.6.22.PUB} {1.3.0 SE}.,,,,,1,1,
Hudson Gate [3753364786_DAT] {HDK 1.3.6.22.PUB} {1.3.0}.,,,,,1,1,
Hudson Gate [4014675649_DAT] {HDK 1.3.6.22.PUB} {1.3.0 SE}.,,,,,1,1,
Hudson Theater [582242283_DAT] {HDK 1.3.6.22.PUB} {1.3.0 SE}.,,,,,1,1,
IREM Gathering Place for Cave Explorers [18484507_DAT] {HDK 1.3.6.22.PUB} {1.3.0 SE}.,,,,,1,1,
IREM Market SCEJ 銀玉人情商店街 [3137038935_DAT] {HDK 1.3.6.22.PUB} {1.3.0 SE}.,,,,,1,1,
IREM SeaSide Memories [1434135335_DAT] {HDK 1.3.6.22.PUB} {1.3.0 SE}.,,,,,1,1,
IREM SeaSide [3159025944_DAT] {HDK 1.3.5.121.PUB} {1.3.0 SE}.,,,,,1,1,
Indie Park SCEE [1044332504_DAT] {HDK 1.55.0.155.BETA2} {1.3.0 SE}.,,,,,1,1,
Indie Park SCEE [1113676461_DAT] {HDK 1.60.0.450.BETA} {1.3.0 SE}.,,,,,1,1,
Indie Park SCEE [388080425_DAT] {HDK 1.70.0.93.PUB} {1.3.0 SE}.,,,,,1,1,
Infamous The Abandoned Docks Of Empire City [2831095612_DAT] {1.1.0 SE}.,,,,,1,1,
Inferno Apartment [2253827894_DAT] {HDK 1.80.0.53.PUB} {1.3.0 SE}.,,,,,1,1,
Island Bungalow Apartment [2243136726_DAT] {HDK 1.60.0.450.BETA} {1.3.0 SE}.,,,,,1,1,
Island Bungalow Apartment [3319462411_DAT] {HDK 1.60.0.451.PUB} [1.3.0 SE].,,,,,1,1,
Jetsetter Private Plane [2575397802_DAT] {HDK 1.60.0.451.PUB} {1.3.0 S.E}.,,,,,1,1,
Journey [988490475_DAT] {HDK 1.60.0.450.BETA} {1.3.0 SE}.,,,,,1,1,
Killzone 2 Visari Throne Room [1985218838_DAT] {1.1.0 SE}.,,,,,1,1,
Konami Club Lumonisity [1729583644_DAT] {HDK 1.80.0.53.PUB} {1.3.0 S.E}.,,,,,1,1,
Konami Penthouse [3010592309_DAT] {HDK 1.3.6.22.PUB} {1.3.0 SE}.,,,,,1,1,
Konami Penthouse [795943723_DAT] {HDK1.50.0.238.BETA} {1.3.0 SE}.,,,,,1,1,
LOOT Modular Sound Stage Set Apartment [1980566681_DAT] {HDK 1.65.0.139.BETA} {1.3.0 SE}.,,,,,1,1,
LOOT Space Station [2762471978_DAT] HDK 1.60.0.450.BETA} {1.3.0 S.E}.,,,,,1,1,
LOOT Studio Stage Set Sound Stage 2 [1262802533_DAT] {HDK 1.55.0.155.BETA2} {1.3.0 S.E}.,,,,,1,1,
LOOT Sunset Yacht [2112202940_DAT] {HDK 1.41.0.37.PUB} {1.3.0 SE}.,,,,,1,1,
Lakeside Log Cabin SCEE Personal Space [339163324_DAT] {1.3.0 SE}.,,,,,1,1,
Little Big Planet 2 Toyota Prius Solar Scramble {HDK 1.41.0.37.PUB} {1.3.0 SE}.,,,,,1,1,
LittleBigPlanet Derby [2361995810_DAT] {HDK 1.3.6.22.PUB} {1.3.0 SE}.,,,,,1,1,
LittleBigPlanet Playground [1025240689_DAT] {HDK 1.3.5.113.BETA} { 1.3.0 SE}.,,,,,1,1,
Lockwood Dream Island Apartment [3476286045_DAT] {HDK 1.65.0.139.BETA} {1.3.0 SE}.,,,,,1,1,
Lockwood Giftshop [2276960262_DAT] {HDK 1.60.0.450.BETA} {1.3.0 SE}.,,,,,1,1,
Lockwood HQ [103609217_DAT] {HDK 1.52.0.2.PUB} {1.3.0 SE}.,,,,,1,1,
Lockwood Store [544478172_DAT] {HDK 1.60.0.451.PUB} {1.3.0 SE}.,,,,,1,1,
Lockwood Venue [3134853990_DAT] {HDK 1.80.0.53.PUB} {1.3.0 SE}.,,,,,1,1,
Loco Roco Island Personal Space [206757530_DAT] {HDK 1.3.5.113.BETA} {1.3.0 SE}.,,,,,1,1,
Loco Roco Island Personal Space [3558618410_DAT] {HDK 1.3.2.27.PUB} {1.3.0 SE}.,,,,,1,1,
Loco Roco Island Personal Space [512493649_DAT] {HDK 1.3.5.113.BETA} {1.3.0 SE}.,,,,,1,1,
Loco Roco Mui Mui Island Public Space [2999635680_DAT] {HDK 1.3.2.27.PUB} {1.3.0 S.E}.,,,,,1,1,
Loot Space Station [825199220_DAT] {HDK 1.70.0.93.PUB} {1.3.0 SE}.,,,,,1,1,
Loot's Sunset Yacht [36242268_DAT] {HDK 1.60.0.450.BETA} {1.3.0 SE}.,,,,,1,1,
Luxury Apartment [1377243670_DAT] {HDK 1.3.2.27.PUB} {1.3.0 SE}.,,,,,1,1,
Luxury Glass House Personal Space {HDK 1.60.0.451.PUB} [1.3.0 SE].,,,,,1,1,
Luxury Weekend Lake House Personal Space [1251675266_DAT] {HDK 1.41.0.37.PUB} {1.3.0 SE}.,,,,,1,1,
Luxury Yacht Santorini Greece Personal Space [724719237_DAT] {HDK 1.3.2.27.PUB} {1.3.0 SE}.,,,,,1,1,
Magic The Gathering Public Space [1892643401_DAT] {HDK 1.41.0.37.PUB} {1.3.0 SE}.,,,,,1,1,
Manhattan Apartment [2645169060_DAT] {1.1.0 SE}.,,,,,1,1,
Manhattan Apartment [2714513017_DAT] {HDK 1.3.0.317.CORE} {1.3.0 SE}.,,,,,1,1,
Mansion [2617732932_DAT] {HDK 1.60.0.451.PUB} {1.3.0 SE}.,,,,,1,1,
Men In Black (MIB) Headquaters [906429441_DAT] {HDK 1.65.0.139.BETA} {1.3.0 SE}.,,,,,1,1,
MiniBots Training Facility [738950334_DAT] {HDK 1.70.0.93.PUB} {1.3.0 SE}.,,,,,1,1,
ModNation Racers The Backstage Pass [2450838384_DAT] {HDK 1.3.5.113.BETA} }1.3.0 SE}.,,,,,1,1,
Modnation Racer Pit Stop Club [3999507101_DAT] {HDK 1.41.0.37.PUB} {1.3.0 SE}.,,,,,,,
MotorStorm Carrier [3859893599_DAT] {HDK 1.3.2.27.PUB} {1.3.0 SE}.,,,,,1,1,
NA Mall First Floor [236118253_DAT] {HDK 1.41.0.37.PUB} {1.3.0 SE}.,,,,,1,1,
Namco Arcade Center [1371893886_DAT] {1.1.0 SE}.,,,,,1,1,
Namco Arcade Center [2068975767_DAT] {1.1.0 SE}.,,,,,1,1,
Namco Theatre [2946510898_DAT] {1.1.0 SE}.,,,,,1,1,
Neptune Suite Personal Suite [1148441872_DAT] {HDK 1.3.2.27.PUB} {1.3.0 SE}.,,,,,1,1,
Nightlife Lounge Apartment [1535316786_DAT] {HDK 1.60.0.450.BETA} {1.3.0 S.E}.,,,,,1,1,
No Man's Land [2419883799_DAT] {HDK 1.66.0.144.PUB} {1.3.0 SE}.,,,,,1,1,
No Man's Land [3249843531_DAT] {HDK 1.66.0.144.PUB} {1.3.0 SE}.,,,,,1,1,
No Man's Land [3251572330_DAT] {HDK 1.66.0.144.PUB} {1.3.0 SE}.,,,,,1,1,
No Man's Land [684117122_DAT] {HDK 1.60.0.450.BETA} {1.3.0 SE}.,,,,,1,1,
Novus Prime [2561959441_DAT] {HDK 1.3.6.22.PUB} {1.3.0 SE}.,,,,,1,1,
Novus Prime [683946956_DAT] {HDK 1.52.0.2.PUB} {1.3.0 SE}.,,,,,1,1,
Original Mall [2694008274_DAT] {1.3.0 SE}.,,,,,1,1,
Palace of the Seven Winds [1174271934_DAT] {HDK 1.65.0.139.BETA} {1.3.0 SE}.,,,,,1,1,
Palace of the Seven Winds [4060786982_DAT] {1.65.0.139.BETA} {1.3.0 SE}.,,,,,1,1,
Paradise Springs Casino Digital Leisure [1062076156_DAT] {HDK 1.70.0.93.PUB} {1.3.0 SE}.,,,,,1,1,
Paradise Springs Casino [1200764070_DAT] {HDK 1.70.0.93.PUB} {1.3.0 SE}.,,,,,,,
Paradise Springs Casino [1270108027_DAT] {HDK 1.70.0.93.PUB} {1.3.0 SE}.,,,,,1,1,
Peakvox Labs [174020625_DAT] {HDK 1.70.0.93.PUB} {1.3.0}.,,,,,,,
Peakvox Ninja Lounge [3375702174_DAT] {HDK 1.70.0.93.PUB} {1.3.0 SE}.,,,,,1,1,
Peakvox Ninja Lounge [3445046131_DAT] {HDK 1.75.0.85.PUB} {1.3.0 SE}.,,,,,1,1,
Peakvox Ninja Lounge [922921496_DAT] {HDK 1.70.0.93.PUB} {1.3.0 SE}.,,,,,1,1,
Peakvox_Apt_2_593D_AF74 Summer with sunflowers blooming{HDK 1.80.0.53.PUB} {1.3.0 SE}.,,,,,1,1,
Pier Park [1136001915_DAT] {HDK 1.60.0.450.BETA} {1.3.0 SE}.,,,,,1,1,
Pier Park [3446195374_DAT] {HDK 1.70.0.93.PUB} {1.3.0 SE}.,,,,,1,1,
PixelJunk Exhibition [1627760532_DAT] [HDK 1.3.2.16.BETA1] {1.3.0 SE}.,,,,,1,1,
PixelJunk Exhibition [3708079242_DAT] {HDK 1.3.2.16.BETA1} {1.3.0 SE}.,,,,,1,1,
PixelJunk Exhibition [826113448_DAT] {HDK 1.3.2.16.BETA1} {1.3.0 SE}.,,,,,1,1,
PixelJunk Shooter Mother Ship [2580442563_DAT] {HDK 1.3.2.16.BETA1} {1.3.0 SE}.,,,,,1,1,
PixelJunk Shooter Mother Ship [3991785025_DAT] {HDK 1.3.2.16.BETA1} {1.3.0 SE}.,,,,,1,1,
PlayStation Home Mansion - First Floor [17984249_DAT] {HDK 1.40.0.265.PUB} {1.3.0 SE}.,,,,,1,1,
PlayStation Home Mansion Garage Personal Space [3087562248_DAT] {HDK 1.60.0.450.BETA} {1.3.0 SE}.,,,,,1,1,
PlayStation Mini Game Lounge [2086404624_DAT] {HDK 1.40.0.264.BETA4} {1.3.0 SE}.,,,,,1,1,
PlayStation Mini's Lounge SCEE [1273115728_DAT] {HDK 1.40.0.264.BETA4} {1.3.0 S.E}.,,,,,1,1,
PlayStation Move Backstage Pass SCEE [2972722050_DAT] {HDK 1.3.6.22.PUB} {1.3.0 SE}.,,,,,1,1,
PlayStation Move Backstage Pass SCEE [3042066007_DAT] {HDK 1.3.6.22.PUB} {1.3.0 SE}.,,,,,1,1,
PlayStation Network Mini's Space [1278989133_DAT] {HDK 1.41.0.37.PUB} {1.3.0 SE}.,,,,,1,1,
PlayStation Network Mini's Space [1625708918_DAT] {HDK 1.50.0.238.BETA} {1.3.0 SE}.,,,,,1,1,
PlayStation Network Mini's Space [3151086362_DAT] { HDK 1.3.6.22.PUB} {1.3.0 SE}.,,,,,1,1,
PlayStation Plus Private Members Club [939736206_DAT] {HDK 1.40.0.265.PUB} {1.3.0 SE}.,,,,,1,1,
PlayStation The Studio Mini Space [2008580868_DAT].,,,,,1,1,
Playground Apartment {HDK 1.3.5.121.PUB} {1.3.0 SE}.,,,,,1,1,
Playstation Vita Lounge SCEE [3093939421_DAT] {HDK 1.60.0.450.BETA} {1.3.0 SE}.,,,,,1,1,
Public Beach [1098000520_DAT] {HDK 1.80.0.53.PUB} {1.3.0 SE}.,,,,,1,1,
RC Rally [4134482519_DAT] {HDK 1.55.0.155.BETA2} {1.30 SE}.,,,,,1,1,
RaceOn Apartment [3083054372_DAT] {HDK 1.65.0.139.BETA} {1.3.0}.,,,,,1,1,
Radd & Son Garage Rooftop [3813424247_DAT] {HDK 1.70.0.93.PUB] {1.3.0 SE}.,,,,,1,1,
Ratchet & Clank Time Travelers [1253485705_DAT] {HDK 1.3.2.16.BETA1} {1.3.0 SE}.,,,,,1,1,
Ratchet & Clank Time Travellers [1440479389_DAT] {HDK 1.3.0.125.BETA1} {1.3.0 SE}.,,,,,1,1,
Ratchet & Clank Time Travellers [1579167303_DAT] {HDK 1.3.0.125.BETA1} {1.3.0 SE}.,,,,,1,1,
Red Bull Air Race [1069393633_DAT] {HDK 1.3.5.121.PUB} {1.3.0 SE}.,,,,,1,1,
Red Bull Air Race [1584409493_DAT] [HDK 1.3.2.16.BETA1] {1.3.0 SE}.,,,,,1,1,
Red Bull Air Race [2979628164_DAT] {1.1.0 SE}.,,,,,1,1,
Red Bull Beach [1951465188_DAT] {HDK 1.3.5.121.PUB} {1.3.0 SE}.,,,,,1,1,
Red Bull Beach [3728635886_DAT] [HDK 1.3.2.16.BETA1] {1.3.0 SE}.,,,,,1,1,
Red Bull Hub [3658549537_DAT] {HDK 1.3.5.121.PUB} {1.3.0 SE}.,,,,,1,1,
Red Bull illume [1985704025_DAT] [HDK 1.3.2.16.BETA1] {1.3.0 SE}.,,,,,1,1,
Resident Evil 5 Studio Lot [4230587726_DAT] {1.1.0 SE}.,,,,,1,1,
Resistance 2 Station [954368644_DAT] {1.1.0 SE}.,,,,,1,1,
S.I.N.'s Secret Base from Street Fighter IV [103784612_DAT] {1.1.0 SE}.,,,,,1,1,
S.I.N.'s Secret Base from Street Fighter IV [720686285_DAT] {1.1.0 SE}.,,,,,,,
SCEA (Asia) Hong Kong Lounge [1511338103_DAT] {HDK 1.3.6.22.PUB} {1.3.0 SE}.,,,,,1,1,
SCEA (Asia) Shopping Mall East [146499848_DAT] {HDK 1.75.0.85.PUB} {1.3.0 SE}.,,,,,1,1,
SCEA (Asia) Shopping Mall East [961232739_DAT] {HDK 1.75.0.85.PUB} {1.3.0 SE}.,,,,,1,1,
SCEA Action District [1402203114_DAT] {HDK 1.60.0.450.BETA} {1.3.0 SE}.,,,,,1,1,
SCEA Action District [3065371179_DAT] {HDK 1.70.0.93.PUB} {1.3.0 SE}.,,,,,1,1,
SCEA Action District [3768097827_DAT] {HDK 1.50.0.238.BETA} {1.3.0 SE}.,,,,,1,1,
SCEA Action District [3976129698_DAT] {HDK 1.60.0.450.BETA} {1.3.0 SE}.,,,,,1,1,
SCEA Action District [4184161569_DAT] {HDK 1.70.0.93.PUB} {1.3.0 SE}.,,,,,1,1,
SCEA Action District [4253505526_DAT] {HDK 1.70.0.93.PUB} {1.3.0 SE}.,,,,,1,1,
SCEA Adventure District [2364658976_DAT] {HDK 1.70.0.93.PUB} {1.3.0 SE}.,,,,,1,1,
SCEA Asia Hong Kong Home Square [962822889_DAT] {HDK 1.70.0.93.PUB} {1.3.0 SE}.,,,,,1,1,
SCEA Asia Hong Kong Marketplace Shopping Mall East [683856911_DAT] {HDK 1.70.0.93.PUB} {1.3.0 S.E}.,,,,,1,1,
SCEA Asia Hong Kong Marketplace Shopping Mall West [7811934_DAT] {HDK 1.70.0.93.PUB} {1.3.0 S.E}.,,,,,1,1,
SCEA Cental Plaza 2010 Winter Holiday Edition [268776901_DAT] {HDK 1.40.0.265.PUB} {1.3.0 SE}.,,,,,1,1,
SCEA Central Lobby GDC {HDK 0.1.0}.rar,,,,,1,1,
SCEA Central Plaza KillZone 3 Edition [3250567052_DAT] {HDK 1.41.0.37.PUB} {1.3.0 SE}.,,,,,1,1,
SCEA Central Plaza [1105262423_DAT] {HDK 1.40.0.265.PUB} {1.3.0 SE}.,,,,,1,1,
SCEA Central Plaza [1409171130_DAT] {HDK 1.52.0.2.PUB} {1.3.0 SE}.,,,,,1,1,
SCEA Central Plaza [1776527152_DAT] {HDK 1.3.2.27.PUB} {1.3.0 SE}.,,,,,1,1,
SCEA Central Plaza [2916921381_DAT] {HDK 1.50.0.238.BETA} {1.3.0 SE}.,,,,,1,1,
SCEA Central Plaza [3644455953_DAT] [HDK 1.3.0.125.BETA1} {1.3.0 SE}.,,,,,1,1,
SCEA Central Plaza [3713799910_DAT] [HDK 1.3.2.16.BETA1] {1.3.0 SE}.,,,,,1,1,
SCEA Central Plaza [489882886_DAT] {HDK 1.50.0.238.BETA} {1.3.0 SE}.,,,,,1,1,
SCEA Central Plaza [572685608_DAT] {HDK 1.52.0.2.PUB} {1.3.0 SE}.,,,,,1,1,
SCEA Central Plaza [684840643_DAT] {HDK 1.41.0.37.PUB} {1.3.0 SE}.,,,,,1,1,
SCEA Cinema Auditorium [4023842567_DAT] {1.1.0 SE}.,,,,,1,1,
SCEA Core Markeplace [1419323560_DAT] {HDK 1.52.0.2.PUB} {1.3.0 S.E}.,,,,,1,1,
SCEA Core Marketplace (Mall Floor 2) [3302838775_DAT] {HDK 1.80.0.53.PUB} [1.3.0 S.E].,,,,,1,1,
SCEA Core Marketplace [1014488194_DAT] {HDK 1.55.0.155.BETA2} {1.3.0 SE}.,,,,,1,1,
SCEA Core Marketplace [1083832151_DAT] {HDK 1.70.0.93.PUB} {1.3.0 SE}.,,,,,1,1,
SCEA Core Marketplace [2117121168_DAT] {HDK 1.60.0.450.BETA} {1.3.0 SE}.,,,,,1,1,
SCEA Core Marketplace [2763352231_DAT] {1.3.0 SE}.,,,,,1,1,
SCEA Core Marketplace [2882416995_DAT] {HDK 1.52.0.2.PUB} {1.3.0 SE}.,,,,,1,1,
SCEA Core Marketplace [2951760952_DAT] {HDK 1.55.0.155.BETA2} {1.3.0 SE}.,,,,,1,1,
SCEA Core Marketplace [3233494818_DAT] {HDK 1.75.0.85.PUB}.,,,,,1,1,
SCEA Core Marketplace [3370055083_DAT] {HDK 1.70.0.93.PUB} {1.3.0 SE}.,,,,,1,1,
SCEA Core Marketplace [3638330184_DAT] {HDK 1.55.0.155.BETA2} {1.3.0 SE}.,,,,,1,1,
SCEA Core Marketplace [3777018098_DAT] {HDK 1.55.0.155.BETA2} {1.3.0 SE}.,,,,,1,1,
SCEA Core Marketplace [3985049969_DAT] {HDK 1.55.0.155.BETA2} {1.3.0 SE}.,,,,,1,1,
SCEA Core Marketplace [596296803_DAT] {HDK 1.60.0.451.PUB} {1.3.0 SE}.,,,,,1,1,
SCEA Core Marketplace [737112366_DAT] {HDK 1.55.0.155.BETA2} {1.3.0 SE}.,,,,,1,1,
SCEA Core Plaza [1907652943_DAT] {HDK 1.55.0.155.BETA2} {1.3.0 S.E}.,,,,,1,1,
SCEA Core Sports Poker Room [2697263390_DAT] {HDK 1.60.0.450.BETA} {1.3.0 S.E}.,,,,,1,1,
SCEA Home Square [3181223095_DAT] {HDK 1.41.0.37.PUB} {1.3.0 SE}.,,,,,1,1,
SCEA Home Theatre [2112891862_DAT] {HDK 1.3.2.27.PUB} {1.3.0 SE}.,,,,,1,1,
SCEA Home Theatre [244963061_DAT] {HDK 1.41.0.37.PUB} {1.3.0 SE}.,,,,,1,1,
SCEA Hub [1362002014_DAT] {HDK 1.60.0.451.PUB} {1.3.0 SE}.,,,,,1,1,
SCEA Hub [1583107999_DAT] {HDK1.70.0.93.PUB} {1.3.0 SE}.,,,,,1,1,
SCEA Hub [2315000609_DAT] {HDK 1.50.0.238.BETA} {1.3.0 SE}.,,,,,1,1,
SCEA Hub [2744138465_DAT] {HDK 1.60.0.450.BETA} {1.3.0 SE}.,,,,,1,1,
SCEA Hub [2999384685_DAT] {HDK 1.60.0.451.PUB} {1.3.0 SE}.,,,,,1,1,
SCEA Hub [3732770666_DAT] {HDK 1.70.0.93.PUB} {1.3.0 SE}.,,,,,1,1,
SCEA Hub [4057315610_DAT] {HDK 1.55.0.155.BETA2} {1.3.0 SE}.,,,,,1,1,
SCEA Hub {HDK 1.55.0.155.BETA2} {1.3.0 SE} [4270225083_DAT].,,,,,1,1,
SCEA Mall Floor 2 (SCEA Marketplace 2) [806456323_DAT] {HDK 1.55.0.155.BETA2} {1.3.0 SE}.,,,,,1,1,
SCEA Original Mall [236118253_DAT] {HDK 1.41.0.37.PUB} {1.3.0 SE}.,,,,,1,1,
SCEA Original Mall [3971975855_DAT] {HDK 1.3.2.27.PUB} {1.3.0 SE}.,,,,,1,1,
SCEA Pier Park Christmas Holiday Edition [1136001915_DAT] {HDK 1.60.0.450.BETA} {1.3.0 S.E}.,,,,,1,1,
SCEA Plaza (The Hub) Street Fighter x Tekken Edition [2605450551_DAT] {HDK 1.60.0.450.BETA} {1.3.0 SE}.,,,,,1,1,
SCEA Plaza (The Hub) Street Fighter x Tekken Edition [2953128733_DAT] {HDK 1.60.0.450.BETA} {1.3.0 SE}.,,,,,1,1,
SCEA Sports Walk [2071307616_DAT] {HDK 1.52.0.2.PUB} {1.3.0 SE}.,,,,,1,1,
SCEA Sports Walk [394609471_DAT] {1.60.0.450.BETA} {1.3.0 SE}.,,,,,1,1,
SCEA The Gamer's Lounge [3780275043_DAT] {HDK 1.3.0.125.BETA1} {1.3.0 SE}.,,,,,1,1,
SCEA The Gamer's Lounge {HDK 1.41.0.37.PUB} {1.3.0 SE} [4057650871_DAT].,,,,,1,1,
SCEA Theatre [3323345049_DAT] {HDK 1.70.0.93.PUB} {1.3.0 SE}.,,,,,1,1,
SCEE Christmas Home Square [2950183896_DAT] {HDK 1.70.0.93.PUB} {1.3.0 SE}.,,,,,1,1,
SCEE Home Square (Version 2) [1292943692_DAT] {HDK 1.52.0.2.PUB} {1.3.0 SE}.,,,,,1,1,
SCEE Home Square Christmas Edition [2950183896_DAT] {HDK 1.70.0.93.PUB} {1.3.0}.,,,,,1,1,
SCEE Home Square Version 2 (Halloween Edition) [2232868173_DAT] {HDK 1.3.6.22.PUB} {1.3.0 S.E}.,,,,,1,1,
SCEE Home Square Version 2 (Winter Edition) [2823253435_DAT] {HDK 1.52.0.2.PUB} {1.3.0 S.E}.,,,,,1,1,
SCEE Home Square Version 2 (Winter Edition) [3346729523_DAT] {HDK 1.40.0.265.PUB} {1.3.0 SE}.,,,,,1,1,
SCEE Home Square Version 2 [1183992742_DAT] {HDK 1.3.6.22.PUB} {1.3.0 SE}.,,,,,1,1,
SCEE Home Square Version 2 [2324386971_DAT] {HDK 1.50.0.238.BETA} {1.3.0 S.E}.,,,,,1,1,
SCEE Home Square Version 2 [3789326144_DAT] {HDK 1.52.0.2.PUB} {1.3.0 S.E}.,,,,,1,1,
SCEE Home Square Version 2 [4031453017_DAT] {HDK 1.3.6.22.PUB} {1.3.0 SE}.,,,,,1,1,
SCEE Home Square Version 2 [906616914_DAT] {HDK 1.3.6.22.PUB} {1.3.0 SE}.,,,,,1,1,
SCEE Home Square Version 3 [1415900766_DAT] {HDK 1.60.0.450.BETA} [1.3.0 SE].,,,,,1,1,
SCEE Home Square Version 3 [1775694665_DAT] {HDK 1.75.0.85.PUB} {1.3.0 SE}.,,,,,1,1,
SCEE Home Square Version 3 [2076684239_DAT] {HDK 1.80.0.53.PUB} {1.3.0 SE}.,,,,,1,1,
SCEE Home Square Version 3 [3787711016_DAT] {HDK 1.75.0.85.PUB} {1.3.0 SE}.,,,,,1,1,
SCEE Home Square Version 3 [4272077117_DAT] {HDK 1.80.0.53.PUB} {1.3.0 SE}.,,,,,1,1,
SCEE Home Square [115797735_DAT] {HDK 1.80.0.53.PUB} {1.3.0 SE}.,,,,,1,1,
SCEE Home Square [2936725131_DAT] {HDK 1.60.0.450.BETA} {1.3.0 SE}.,,,,,1,1,
SCEE Home Square [3158215767_DAT] {HDK 1.70.0.93.PUB} {1.3.0 SE}.,,,,,1,1,
SCEE Home Square [3842939261_DAT] {HDK 1.66.0.144.PUB} {1.3.0 SE}.,,,,,1,1,
SCEE Home Square [453801444_DAT] {HDK 1.70.0.93.PUB} {1.3.0 SE}.,,,,,1,1,
SCEE Home Square [790103841_DAT] {HDK 1.41.0.37.PUB} {1.3.0 SE}.,,,,,1,1,
SCEE Home Theatre Cinema [3806656541_DAT] {HDK 1.3.6.22.PUB} {1.3.0 SE}.dat,,,,,1,1,
SCEE Home Theatre Cinema [3806656541_DAT] {HDK 1.3.6.22.PUB} {1.3.0 SE}.,,,,,1,1,
SCEE Marketplace [3276120097_DAT] {HDK 1.70.0.93.PUB} {1.3.0 SE}.,,,,,1,1,
SCEE Original Mall (Marketplace) [3555912113_DAT] {1.1.0}.,,,,,1,1,
SCEE Shopping Mall East [1616223167_DAT] {HDK 1.75.0.85.PUB} {1.3.0 SE}.,,,,,1,1,
SCEE Shopping Mall East [1663392283_DAT] {HDK 1.3.6.22.PUB} {1.3.0 SE}.,,,,,1,1,
SCEE Shopping Mall East [1685567124_DAT] {HDK 1.80.0.53.PUB} {1.3.0 SE}.,,,,,1,1,
SCEE Shopping Mall East [1802080197_DAT] {HDK 1.3.6.22.PUB} {1.3.0 SE}.,,,,,1,1,
SCEE Shopping Mall East [2079456025_DAT] {HDK 1.3.6.22.PUB} {1.3.0}.,,,,,1,1,
SCEE Shopping Mall East [211527224_DAT] {HDK 1.41.0.37.PUB} {1.3.0 SE}.,,,,,1,1,
SCEE Shopping Mall East [2998744269_DAT] {HDK 1.66.0.144.PUB} {1.3.0 SE}.,,,,,1,1,
SCEE Shopping Mall East [3137432183_DAT] {HDK 1.66.0.144.PUB} {1.3.0 SE}.,,,,,1,1,
SCEE Shopping Mall East [363289252_DAT] {HDK 1.60.0.450.BETA} {1.3.0 SE}.,,,,,1,1,
SCEE Shopping Mall West [2448154220_DAT] {HDK 1.75.0.85.PUB} {1.3.0 SE}.,,,,,1,1,
SCEE Shopping Mall West [2517498177_DAT] {HDK 1.80.0.53.PUB} {1.3.0}.,,,,,1,1,
SCEE Shopping Mall West [574029067_DAT] {HDK 1.41.0.37.PUB} {1.3.0 SE}.,,,,,1,1,
SCEE Tree House Personal Space [1862892282_DAT] {HDK 1.3.0.317.CORE} {1.3.0 SE}.,,,,,1,1,
SCEJ Home Square  ホームスクエア [515087000_DAT] [HDK 1.70.0.93.PUB] {1.3.0 SE}.,,,,,1,1,
SCEJ Home Square ホームスクエア Winter Night Edition [1234744008_DAT] {HDK 1.40.0.265.PUB} {1.3.0 SE}.,,,,,1,1,
SCEJ Home Square ホームスクエア Winter Night Edition [129983385_DAT] {HDK 1.40.0.265.PUB} {1.3.0 SE}.,,,,,1,1,
SCEJ Japan Cinema Auditorium [3992479384_DAT] {HDK 1.52.0.2.PUB} {1.3.0 SE}.,,,,,1,1,
SCEJ Music Cafe ホームカフェ [820506587_DAT] {HDK 1.40.0.265.PUB} {1.3.0 SE}.,,,,,1,1,
SCEJ Original Mall マーケットプレイス [1448880631_DAT] {HDK 1.3.6.22.PUB} {1.3.0 SE}.,,,,,1,1,
SCEJ ホームスクエア (Japan Home Square Original) {HDK 1.80.0.53.PUB} {1.3.0 SE}.,,,,,1,1,
SCEJ ホームスクエア Winter Night Edition {HDK 1.80.0.53.PUB} {1.3.0 SE}.,,,,,1,1,
SOCOM Opposing Force [340158888_DAT] {HDK 1.3.2.16.BETA1} {1.3.0 SE}.,,,,,1,1,
SOCOM Tactical Operations Center [1636438271_DAT] {HDK 1.3.5.120.PUB} {1.3.0 SE}.,,,,,1,1,
SeaClyff Retreat Personal Space Game Mechanic [1691782632_DAT] {HDK 1.80.0.53.PUB} {1.3.0 SE}.,,,,,1,1,
SeaClyff Retreat Personal Space Game Mechanics [171343808_DAT] {HDK 1.80.0.53.PUB} {1.3.0 SE}.,,,,,1,1,
Serenity Plaza Mini-Bots Halloween Spooktacular [3175486394_DAT] {HDK 1.80.0.53.PUB} {1.3.0}.,,,,,1,1,
SingStar (DEV) [568018576_DAT] {HDK 1.3.0.130.BETA2} {1.3.0 SE}.BAR,,,,,1,1,
SingStar Christmas Space (Possibly) [3278303053_DAT] {HDK 1.3.0.130.BETA2} {1.3.0 SE}.,,,,,1,1,
SingStar Original [1056718520_DAT] {HDK 1.3.0.130.BETA2} {1.3.0 SE}.,,,,,1,1,
SingStar VIP Lounge (DEV) [1135554912_DAT] [HDK 1.3.0.130.BETA2] {1.3.0 SE}.BAR,,,,,1,1,
SingStar [1126062477_DAT] {1.1.0 SE}.,,,,,1,1,
SingStar [1472782262_DAT] {HDK 1.40.0.264.BETA4} {1.3.0 SE}.,,,,,1,1,
SingStar [3622444929_DAT] {HDK 1.41.0.37.PUB} {1.3.0 S.E}.,,,,,1,1,
SingStar® Store [3852711897_DAT] {HDK 1.40.0.264.BETA4} {1.3.0 SE}.,,,,,1,1,
Siren - Ward of Despair Lounge [2855471741_DAT] {1.1.0 SE}.,,,,,1,1,
Siren Lobby (SCEJ) [1022752561_DAT] {1.1.0}.,,,,,1,1,
Siren Lounge (SCEJ) [4195357533_DAT] {1.1.0 SE}.,,,,,1,1,
Slap Happy Sam's Stage Show [127221625_DAT] {HDK 1.41.0.37.PUB} {1.3.0 SE}.,,,,,1,1,
Sodium 1 Aparment [3464511949_DAT] {HDK 1.3.2.16.BETA1} {1.3.0 SE}.,,,,,1,1,
Sodium 1 Apartment [2151334804_DAT] {HDK 1.3.6.22.PUB} {1.3.0 SE}.,,,,,1,1,
Sodium 2 Desert Racer [3761104466_DAT] {HDK 1.50.0.238.BETA} (1).,,,,,1,1,
Sodium 2 Desert Racer [3761104466_DAT] {HDK 1.50.0.238.BETA}.,,,,,1,1,
Sodium 2 Project Velocity [3830448423_DAT] {HDK 1.50.0.238.BETA} {1.3.0 SE}.,,,,,1,1,
Sodium 2 [1615799837_DAT] {HDK 1.60.0.450.BETA} {1.3.0 SE} (1).,,,,,1,1,
Sodium 2 [1615799837_DAT] {HDK 1.60.0.450.BETA} {1.3.0 SE}.,,,,,1,1,
Sodium 2 [3691760509_DAT] {HDK 1.50.0.238.BETA} {1.3.0 SE}.,,,,,1,1,
Sodium Main Hub [2151334804_DAT] {HDK 1.3.6.22.PUB} {1.3.0 SE}.,,,,,1,1,
Sodium Main Hub [3051557229_DAT] {HDK 1.52.0.2.PUB} {1.3.0 SE}.,,,,,1,1,
Sodium One Apartment [3603199863_DAT] {HDK 1.3.2.16.BETA1} {1.3.0 SE}.,,,,,1,1,
Sodium Trainer [3713857377_DAT] {HDK 1.3.6.22.PUB} {1.3.0 SE}.,,,,,1,1,
Sodium [10476774_DAT} {HDK 1.40.0.264.BETA4} {1.3.0 SE}.,,,,,1,1,
Sodium [149164688_DAT] {HDK 1.40.0.264.BETA} {1.3.0 S.E}.,,,,,1,1,
Sodium [1947749532_DAT] {HDK 1.3.6.22.PUB} {1.3.0 SE}.,,,,,1,1,
Sodium [2017093489_DAT] {HDK 1.3.6.22.PUB} {1.3.0 SE} (1).,,,,,1,1,
Sodium [2017093489_DAT] {HDK 1.3.6.22.PUB} {1.3.0 SE}.,,,,,1,1,
Sodium [3468958548_DAT] {HDK 1.3.2.16.BETA1} {1.3.0 SE}.,,,,,1,1,
Sodium [3815678333_DAT] {HDK 1.3.5.120.PUB} {1.3.0 SE}.,,,,,1,1,
Sodium [79820731_DAT] {HDK 1.40.0.264.BETA4} {1.3.0 SE}.,,,,,1,1,
Southern Island Hideaway Valentine Day 2013 Event (Possibly Japanese) [2523315307_DAT] {HDK 1.70.0.93.PUB} {1.3.0 SE}.,,,,,1,1,
Sports Walk District [463953428_DAT] {HDK 1.60.0.450.BETA} {1.3.0 SE}.,,,,,1,1,
Sports Walk District [602641342_DAT] {HDK 1.70.0.93.PUB} {1.3.0 SE} (1).,,,,,1,1,
Sports Walk District [602641342_DAT] {HDK 1.70.0.93.PUB} {1.3.0 SE}.,,,,,1,1,
SportsWalk SCEA Core Casual [1136001915_DAT] {HDK 1.60.0.450.BETA} {1.3.0 SE}.,,,,,1,1,
Spunland [3063728845_DAT] {HDK 1.80.0.53.PUB} {1.3.0 SE}.,,,,,1,1,
Spunland [3133072802_DAT] {HDK 1.80.0.53.PUB} {1.3.0 SE}.,,,,,1,1,
Star Wars Cantina [1328829607_DAT] {HDK 1.3.6.22.PUB} {1.3.0 SE}.,,,,,1,1,
Summer House Personal Space [3161539921_DAT] {HDK 1.41.0.37.PUB} {1.3.0 SE}.,,,,,1,1,
Summer House [1604528003_DAT] {HDK 1.3.0.317.CORE} {1.3.0 SE}.,,,,,1,1,
Summer House [3681539546_DAT] {1.3.0 SE}.,,,,,1,1,
Sunset Lounge [516031400_DAT] {HDK 1.75.0.85.PUB} {1.3.0 SE}.,,,,,1,1,
Tekken 6 - Mishima Zaibatsu Recreation Floor [2906690873_DAT] {HDK 1.3.2.16.BETA1} {1.3.0}.,,,,,1,1,
Tekken 6 - Mishima Zaibatsu Recreation Floor [3719988523_DAT] [HDK 1.3.0.125.BETA1] {1.3.0 SE}.,,,,,1,1,
Tekken 6 - Mishima Zaibatsu Recreation Floor [3796188318_DAT] {HDK 1.3.0.125.BETA1} {1.3.0}.,,,,,1,1,
The Casino (Bingo Hall Paradise Room) [1955192360_DAT] {HDK 1.80.0.53.PUB} {1.3.0 S.E}.,,,,,1,1,
The Casino Complimentary Hotel Room [2992125334_DAT] {HDK 1.66.0.144.PUB} {1.3.0 SE}.,,,,,1,1,
The Casino Complimentary Hotel Room [638788834_DAT] {HDK 1.70.0.93.PUB} {1.3.0 SE}.,,,,,1,1,
The Casino Lounge (SCEA) [1135159195_DAT] {HDK 1.80.0.53.PUB} {1.3.0 SE}.,,,,,1,1,
The Casino Lounge (SCEA) [15897521_DAT] {HDK 1.80.0.53.PUB} {1.3.0 SE}.,,,,,1,1,
The Casino Lounge (SCEA) [2641328712_DAT] {HDK 1.80.0.53.PUB} {1.3.0 S.E}.,,,,,1,1,
The Casino Lounge (SCEA) [3627802565_DAT] {HDK 1.80.0.53.PUB} {1.3.0 S.E}.,,,,,1,1,
The Casino Lounge (SCEA) [3906096927_DAT] {HDK 1.80.0.53.PUB} {1.3.0 SE}.,,,,,1,1,
The Casino Lounge SCEE [1131420113_DAT] {HDK 1.70.0.93.PUB} {1.3.0 SE}.,,,,,1,1,
The Casino Lounge SCEE [2022514236_DAT] {HDK 1.70.0.93.PUB} {1.3.0 SE}.,,,,,1,1,
The Casino Lounge SCEE [2091858193_DAT] {HDK 1.70.0.93.PUB} {1.3.0 SE}.,,,,,1,1,
The Casino Lounge SCEE [992732199_DAT] {HDK 1.70.0.93.PUB} {1.3.0 SE}.,,,,,1,1,
The Casino Paradise Springs Poker Lounge [2710672669_DAT] {HDK 1.80.0.53.PUB} {1.3.0 SE}.,,,,,1,1,
The Complex [4191932071_DAT] {HDK 1.75.0.85.PUB} {1.3.0 SE}.,,,,,1,1,
The Complex nDreams [4122588114_DAT] {HDK 1.75.0.85.PUB} {1.3.0 SE}.,,,,,1,1,
The Dream Yacht Arctic Voyage [180758764_DAT] {HDK 1.70.0.93.PUB} {1.3.0 SE}.,,,,,1,1,
The Ford Showroom [2962508623_DAT] {HDK 1.50.0.238.BETA} {1.3.0 SE}.,,,,,1,1,
The Irish Pub Apartment VEEMEE [1194813851_DAT] {HDK 1.70.0.93.PUB} {1.3.0 SE}.,,,,,1,1,
The Midnight Glade [2642880172_DAT] {HDK 1.60.0.450.BETA} {1.3.0 SE}.,,,,,1,1,
The Midway 2 [1535667479_DAT] {HDK 1.65.0.139.BETA} {1.3.0 S.E}.,,,,,1,1,
The Midway 3 [3955976036_DAT] {HDK 1.60.0.450.BETA} {1.3.0 S.E}.,,,,,1,1,
The Midway Darla's Den Personal Space [55663863_DAT] {HDK 1.3.5.121.PUB} {1.3.0 SE}.,,,,,1,1,
The Midway HotZone [1342095725_DAT] {HDK 1.65.0.139.BETA} {1.3.0 SE}.,,,,,1,1,
The Midway Personal Space [2339656406_DAT] {HDK 1.3.5.121.PUB} {1.3.0 SE}.,,,,,1,1,
The Midway [2163015245_DAT] {HDK 1.3.5.121.PUB} {1.3.0 SE}.,,,,,1,1,
The Midway [3126220452_DAT] {HDK 1.3.6.22.PUB} {1.3.0 SE} (1).,,,,,,,
The Midway [3126220452_DAT] {HDK 1.3.6.22.PUB} {1.3.0 SE}.,,,,,1,1,
The Midway [3353767989_DAT] {HDK 1.65.0.139.BET} {1.3.0 SE}.,,,,,1,1,
The Midway [4025319993_DAT] {HDK 1.65.0.139.BETA} {1.3.0 SE}.,,,,,1,1,
The Nightmare Yacht [2927945365_DAT] {HDK 1.80.0.53.PUB} {1.3.0 SE}.,,,,,1,1,
The Paradise Springs Casino Lounge [3350426737_DAT] {HDK 1.75.0.85.PUB}.,,,,,1,1,
The Paradise Springs Casino Lounge [3419770694_DAT] {HDK 1.80.0.53.PUB}.,,,,,1,1,
The Playground SCEE [1531272934_DAT] {HDK 1.3.5.121.PUB} {1.3.0 SE}.,,,,,1,1,
The Playground [1531272934_DAT] {HDK 1.3.5.121.PUB} {1.3.0 SE}.,,,,,1,1,
The Prairie Ranch [2079983686_DAT] {HDK 1.80.0.53.PUB} {1.3.0 SE}.,,,,,1,1,
The Prairie Saloon ClubHouse Lockwood [2463297032_DAT] {HDK 1.80.0.53.PUB} {1.3.0 SE}.,,,,,1,1,
The War Room Clubhouse [1481415553_DAT] {HDK 1.60.0.450.BETA} {1.3.0 S.E}.,,,,,1,1,
The War Room Clubhouse [1689447424_DAT] {HDK 1.70.0.93.PUB} {1.3.0 SE}.,,,,,1,1,
Theatre Auditorium 2 [1774091835_DAT] {HDK 1.60.0.450.BETA} {1.3.0 SE}.,,,,,1,1,
Theatre Auditorium 5 [1404415420_DAT] {HDK 1.52.0.2.PUB} {1.3.0 SE}.,,,,,1,1,
Theatre [1243026339_DAT] {HDK 1.52.0.2.PUB] {1.3.0 SE}.,,,,,1,1,
Theatre [3434785083_DAT] {HDK 1.50.0.238.BETA} {1.3.0 SE}.,,,,,1,1,
Tropical Escape SCEA Personal Space [1208978907_DAT] {HDK 1.3.2.27.PUB} {1.3.0 SE}.,,,,,1,1,
Tuscan Villa Apartment [3479931715_DAT] {HDK 1.80.0.53.PUB} {1.3.0 SE}.,,,,,1,1,
Tycoon Penthouse [299160918_DAT] {HDK 1.51.0.60.PUB} {1.3.0 SE}.,,,,,1,1,
UFC Octagon [2516694604_DAT] {HDK 1.41.0.37.PUB} {1.3.0 SE}.,,,,,1,1,
Uncharted - Artifact Room [2885609567_DAT] {1.1.0 SE}.,,,,,1,1,
Uncharted - Sully's Bar [2183137126_DAT] {1.1.0 SE}.,,,,,1,1,
Uncharted - Sully's Bar [2740048538_DAT] [1.1.0 SE}.,,,,,1,1,
Uncharted 2 Nepalese Village [1734702859_DAT] {HDK 1.3.0.125.BETA1} {1.3.0 SE}.,,,,,1,1,
Uncharted 2 Nepalese Village [2825783871_DAT] {HDK 1.3.2.16.BETA1} {1.3.0 SE}.,,,,,1,1,
Uncharted 3 Yemen [1276246134_DAT] {HDK 1.50.0.238.BETA} {1.3.0 SE}.,,,,,1,1,
Uncharted Smuggler's Den [1978162574_DAT] {1.3.0 SE}.,,,,,1,1,
Uproar [2229585308_DAT] {HDK 1.65.0.139.BETA} {1.3.0 SE}.,,Public,,,1,1,
Uproar [2368273222_DAT] {HDK 1.70.0.93.PUB} {1.3.0 S.E}.,,Public,,,1,1,
Virtua Tennis 4 Baseline Battle Personal Space (SEGA) [2490953729_DAT] {1.3.0 SE}.,,Private,,,1,1,
War Room [1620103467_DAT] {HDK 1.60.0.450.BETA} {1.3.0 SE}.,,Public,,,1,1,
Warhawk [2845872023_DAT] {1.3.0 SE}.,,Public,,,1,1,
Western Frontier [3568754163_DAT] {HDK 1.82.0.17.PUB} {1.3.0 S.E}.,,Public,,,1,1,
Winter Holiday Hullabaloo 2011 [1302731146_DAT] {HDK 1.55.0.155.BETA2} {1.3.0 SE}.,,Public,,,1,1,
Winter Holiday Hullabaloo 2011 [2108305745_DAT] {HDK 1.70.0.93.PUB} {1.3.0 SE}.,,Public,SCEA,,1,1,
Winter Holiday Hullabaloo 2011 [3383049856_DAT] {HDK 1.55.0.155.BETA2} {1.3.0 SE}.,,Public,SCEA,,1,1,
Winter Vacation Villa [2846195824_DAT] {HDK 1.75.0.85.PUB] {1.3.0 SE}.,,Private,SCEA/SCEE,,1,1,
Winter Wonderland 2009 [230121953_DAT] {HDK 1.40.0.265.PUB} {1.3.0 SE}.,,Public,SCEE,,1,1,
Winter Wonderland 2009 [379264184_DAT] {HDK 1.3.2.16.BETA1} {1.3.0 SE}.,,Public,SCEE,,1,1,
Wipeout [1308316794_DAT] {HDK 1.3.6.22.PUB} {1.3.0 SE}.,,Public,SCEA/SCEE,,1,1,
Wipeout [1377660751_DAT] {HDK 1.3.6.22.PUB} {1.3.0 SE}.,,Public,SCEA/SCEE,,1,1,
Wizards Den [2969948624_DAT] {HDK 1.3.2.27.PUB} {1.3.0 SE}.,,Private,SCEA/SCEE,,1,1,
XI,,Public,SCEA/SCEE,546865109_DAT,1,1,
Xi AZ1 Hexathlon ,null,Public,SCEA/SCEE,2455718585_DAT,1,1,
Xi Alpha Zone 3 - Expert Maze ,1.40.0.265,Public,SCEA/SCEE,1036563089_DAT,1,1,
Xi AlphaZone 1 Hexathlon,1.40.0.265,Public,SCEA/SCEE,3910764905_DAT,1,1,
Xi AlphaZone 1 ,1.40.0.265,Public,SCEA/SCEE,2163583533_DAT,1,1,
Xi AlphaZone 3 Entrance ,1.40.0.265,Public,SCEA/SCEE,4144053985_DAT,1,1,
Xi AlphaZone 3 GhostMaze ,1.40.0.265,Public,SCEA/SCEE,3817711005_DAT,1,1,
Xi AlphaZone 3 RiddleMaze ,1.40.0.265,Public,SCEA/SCEE,2427137047_DAT,1,1,
Xi Alumni Hub ,1.40.0.265,Public,SCEA/SCEE,2345636277_DAT,1,1,
Xi Alumni Hub ,1.52.0.2,Public,SCEA/SCEE,2484324191_DAT,1,1,
Xi City ,1.70.0.92,Public,SCEA/SCEE,1079681347_DAT,1,1,
Xi City ,1.70.0.93,Public,SCEA/SCEE,1149025304_DAT,1,1,
Xi Maximum Tilt,1.40.0.265,Public,SCEA/SCEE,1185415115_DAT,1,1,
Yeti's VS Hunters,1.55.0.155,Public,SCEA/SCEE,3395764278_DAT,1,1,
Yeti's VS Hunters ,1.55.0.155,Public,SCEA/SCEE,3326420321_DAT,1,1,
nRage,1.60.0.450,Public,SCEA,2977217843_DAT,1,1,
x7 Club ,1.65.0.139,Public,SCEA,2059225307_DAT,1,1,
x7 Entrance & Club ,1.60.0.449,Public,SCEA,1180846167_DAT,1,1,
x7 ,1.60.0.450,Public,SCEA,1111502210_DAT,1,1,
おしゃべりファーム (Oshaberi Farms) ,1.70.0.93,Public,SCEJ,1315385062_DAT,1,1,
おしゃべりファーム (Oshaberi Farms),1.75.0.85,Public,SCEJ,null,1,1,
おしゃべりファーム　ユグドラ市場 (Oshaberi Talking Farm Lobby) ,null,Public,SCEJ,889895461_DAT,1,1,
おしゃべり農園 (Oshaberi Farm Garden),1.70.0.93,Public,SCEJ,119615854_DAT,1,1,
おしゃべり農園 (Oshaberi Farm Garden) ,1.75.0.85,Public,SCEJ,nul;,1,1,
カプコンスカイラウンジ (Capcom Sky Lounge) ,1.40.0.265,Public,SCEJ,null,1,1,
ゲームスペース (SCEJ Bowling Alley ie Game Space) ,1.3.5.121,Public,SCEJ,2367735666_DAT,1,1,Japanese Game Space
ピークヴォックスモンスター (Peakvox Monsters) ,1.80.0.53,Public,SCEJ,null,1,1,
四季彩の部屋 (Peakvox Seasonal Themed Room),null,Public,SCEJ,3914990191_DAT,1,1,
怪物ジャポン 一本釣り (GAW Japanese Monster Fishing) ,1.70.0.93,Public,SCEJ,null,1,1,
照英王国 Shoei Kingdom (JP),1.65.0.139,Public,SCEJ,3378468713_DAT,,,
照英王国 Shoei Kingdom (JP) ,1.60.0.450,Public,SCEJ,47887315_DAT,,,
照英王国 Shoei Kingdom (JP), 1.80.0.53,Public,SCEJ,null,,,
銀玉人情商店街 (IREM Market Japan),1.41.0.37,Public,SCEJ,null,,,